sn,sample,set_time,gut,storage,cq,log,dna_amt,dna_c_n,log_dna_c_n
1,0m.01,0,Full,Ethanol + Freeze,24.46380448,-6.447970021,3.80E-07,3731.53896,3.57188798
2,0m.02,0,Full,Ethanol + Freeze,24.29470841,-6.379393465,4.45E-07,4366.81922,3.640165213
3,0m.03,0,Full,Ethanol + Freeze,26.25934262,-7.176146737,7.16E-08,702.8936404,2.846889614
4,0m.04,0,Full,Ethanol + Freeze,24.59489704,-6.501134332,3.37E-07,3303.358597,3.518955721
5,0m.05,0,Full,Ethanol + Freeze,24.07072987,-6.28855944,5.48E-07,5377.776702,3.730602765
6,0m.06,0,Empty (with specks),Ethanol + Freeze,34.1564368,-10.37879666,4.64E-11,0.455217171,-0.341781365
7,0m.07,0,Full,Ethanol + Freeze,22.24882154,-5.549688351,2.98E-06,29258.28227,4.466248825
8,0m.08,0,Partially full,Ethanol + Freeze,26.45731635,-7.256434565,5.96E-08,584.7257596,2.766952227
9,0m.09,0,Full,Ethanol + Freeze,11.34357229,NA,NA,NA,NA
10,0m.10,0,Full,Ethanol only,24.42852494,-6.43366248,3.93E-07,3855.964901,3.586133072
11,0m.11,0,Partially full,Ethanol only,32.8600765,-9.853060466,1.55E-10,1.519357914,0.181660092
12,0m.12,0,Full,Ethanol only,24.75365915,-6.565519972,2.90E-07,2850.041028,3.454851112
13,0m.13,0,Full,Ethanol only,24.15215595,-6.321581615,5.08E-07,4985.683738,3.697724726
14,0m.14,0,Full,Ethanol only,25.39932557,-6.827368633,1.59E-07,1563.670958,3.19414537
15,0m.15,0,Full,Ethanol only,24.49880567,-6.462164679,3.68E-07,3612.062689,3.557755279
16,0m.16,0,Full,Ethanol only,25.09967502,-6.705845979,2.11E-07,2066.034647,3.3151376
17,0m.17,0,Full,Ethanol only,24.46911642,-6.450124269,3.78E-07,3713.155482,3.569743135
18,0m.18,0,Full,Ethanol only,25.63103487,-6.92133785,1.28E-07,1260.626144,3.10058631
19,30m.01,0.5,Full,Ethanol + Freeze,23.72708239,-6.149193928,7.54E-07,7402.185667,3.869359974
20,30m.02,0.5,Full,Ethanol + Freeze,24.43669183,-6.436974542,3.90E-07,3826.797368,3.582835467
21,30m.03,0.5,Full,Ethanol + Freeze,26.40128105,-7.233709568,6.28E-08,615.9962015,2.789578034
22,30m.04,0.5,Partially full,Ethanol + Freeze,25.89381953,-7.027909614,1.01E-07,987.3695083,2.994479711
23,30m.05,0.5,Partially full,Ethanol + Freeze,28.03244231,-7.895223584,1.38E-08,135.192126,2.130951398
24,30m.06,0.5,Full,Ethanol + Freeze,25.23818921,-6.76202012,1.85E-07,1816.388103,3.259208649
25,30m.07,0.5,Full,Ethanol + Freeze,26.28818921,-7.187845408,6.97E-08,684.2928557,2.835242006
26,30m.08,0.5,Full,Ethanol + Freeze,26.20298881,-7.153292567,7.55E-08,740.7028754,2.869644031
27,30m.09,0.5,Full,Ethanol + Freeze,25.49833954,-6.86752354,1.45E-07,1426.151723,3.154165731
28,30m.10,0.5,Full,Ethanol only,25.37394594,-6.817075975,1.63E-07,1601.006526,3.204393102
29,30m.11,0.5,Full,Ethanol only,26.17548504,-7.142138468,7.75E-08,759.88775,2.880749443
30,30m.12,0.5,Full,Ethanol only,26.18928121,-7.147733479,7.65E-08,750.2030991,2.875178854
31,30m.13,0.5,Full,Ethanol only,25.62473948,-6.918784767,1.29E-07,1268.026265,3.103128249
32,30m.14,0.5,Full,Ethanol only,24.45632403,-6.444936342,3.83E-07,3757.581576,3.574908418
33,30m.15,0.5,Empty,Ethanol only,31.00166992,-9.099387591,8.72E-10,8.551520327,0.932043332
34,30m.16,0.5,Full,Ethanol only,25.04804842,-6.684908923,2.21E-07,2167.620603,3.33598327
35,30m.17,0.5,Full,Ethanol only,25.72094937,-6.957802488,1.18E-07,1159.526913,3.064280833
36,30m.18,0.5,Full,Ethanol only,24.50225677,-6.463564269,3.67E-07,3600.491568,3.556361798
37,1h.01,1,Partially full,Ethanol + Freeze,28.23564693,-7.97763279,1.14E-08,111.9185028,2.048901892
38,1h.02,1,Full,Ethanol + Freeze,23.64292385,-6.115063612,8.16E-07,8004.63102,3.903341318
39,1h.03,1,Full,Ethanol + Freeze,24.43569128,-6.436568772,3.90E-07,3830.358871,3.583239465
40,1h.04,1,Full,Ethanol + Freeze,20.39543234,-4.798050264,1.67E-05,163910.2675,5.214606159
41,1h.05,1,Full,Ethanol + Freeze,24.031385,-6.272603214,5.69E-07,5578.139175,3.746489346
42,1h.06,1,Partially full,Ethanol + Freeze,28.83024508,-8.218770815,6.56E-09,64.3896978,1.808816387
43,1h.07,1,Full,Ethanol + Freeze,24.37105774,-6.410356775,4.15E-07,4067.588882,3.609337052
44,1h.08,1,Full,Ethanol + Freeze,21.44640106,-5.224268418,6.29E-06,61694.77209,4.790248364
45,1h.09,1,Full,Ethanol + Freeze,21.35412556,-5.186846279,6.85E-06,67221.33952,4.827507162
46,1h.10,1,Full,Ethanol only,26.4301983,-7.245436898,6.11E-08,599.6555959,2.777901891
47,1h.11,1,Partially full,Ethanol only,35.54162814,-10.94055809,1.28E-11,0.125576734,-0.901090815
48,1h.12,1,Full,Ethanol only,26.5993772,-7.314047043,5.22E-08,512.3788755,2.709591216
49,1h.13,1,Full,Ethanol only,26.10660954,-7.114206156,8.26E-08,810.1395547,2.908559837
50,1h.14,1,Full,Ethanol only,28.29530978,-8.001828932,1.08E-08,105.879373,2.024811361
51,1h.15,1,Partially full,Ethanol only,26.31923386,-7.200435503,6.78E-08,664.8242684,2.822706864
52,1h.16,1,Partially full,Ethanol only,25.87278642,-7.019379683,1.03E-07,1006.867704,3.002972411
53,1h.17,1,Full,Ethanol only,23.63366232,-6.111307616,8.23E-07,8073.854509,3.907080919
54,1h.18,1,Full,Ethanol only,25.66313747,-6.934356994,1.25E-07,1223.556398,3.087623992
55,2h.01,2,Empty (with specks),Ethanol + Freeze,27.66533765,-7.746345059,1.94E-08,190.1866799,2.279180097
56,2h.02,2,Empty,Ethanol + Freeze,2.542729126,NA,NA,NA,NA
57,2h.03,2,Full,Ethanol + Freeze,23.94214645,-6.236412708,6.18E-07,6060.687442,3.782521887
58,2h.04,2,Full,Ethanol + Freeze,22.61079297,-5.696485103,2.13E-06,20897.42682,4.320092813
59,2h.05,2,Full,Ethanol + Freeze,22.2823313,-5.563278165,2.89E-06,28360.79033,4.452718329
60,2h.06,2,Full,Ethanol + Freeze,22.3003184,-5.570572794,2.84E-06,27890.45112,4.445455539
61,2h.07,2,Partially full,Ethanol + Freeze,24.87892455,-6.616321092,2.59E-07,2536.715305,3.404271729
62,2h.08,2,Full,Ethanol + Freeze,25.01141866,-6.670053801,2.29E-07,2242.712238,3.350773553
63,2h.09,2,Full,Ethanol + Freeze,24.9438812,-6.642664125,2.43E-07,2388.051446,3.378043679
64,2h.10,2,Full,Ethanol only,25.20753102,-6.749586754,1.90E-07,1868.907236,3.271587745
65,2h.11,2,Full,Ethanol only,25.38534395,-6.821698416,1.61E-07,1584.130068,3.199790837
66,2h.12,2,Full,Ethanol only,25.75542143,-6.971782558,1.14E-07,1122.953527,3.050361784
67,2h.13,2,Partially full,Ethanol only,21.44355645,-5.223114792,6.30E-06,61858.15395,4.791396955
68,2h.14,2,Full,Ethanol only,26.15768817,-7.134920986,7.87E-08,772.5656999,2.887935423
69,2h.15,2,Full,Ethanol only,24.10054482,-6.300650833,5.33E-07,5230.752236,3.718564149
70,2h.16,2,Full,Ethanol only,24.71294784,-6.549009587,3.02E-07,2959.984472,3.471289433
71,2h.17,2,Full,Ethanol only,25.08603714,-6.700315169,2.13E-07,2092.397874,3.32064427
72,2h.18,2,Full,Ethanol only,24.57358687,-6.492492039,3.43E-07,3369.459902,3.527560292
73,3h.01,3,Partially full,Ethanol + Freeze,27.11724822,-7.524068548,3.23E-08,316.5821429,2.500486414
74,3h.02,3,Partially full,Ethanol + Freeze,NaN,NA,NA,NA,NA
75,3h.03,3,Full,Ethanol + Freeze,23.34169862,-5.992902353,1.08E-06,10591.79013,4.024969367
76,3h.04,3,Partially full,Ethanol + Freeze,26.40031997,-7.233319805,6.28E-08,616.5468676,2.789966096
77,3h.05,3,Empty,Ethanol + Freeze,NaN,NA,NA,NA,NA
78,3h.06,3,Empty,Ethanol + Freeze,23.55804778,-6.080642298,8.83E-07,8661.884519,3.937612389
79,3h.07,3,Empty (with specks),Ethanol + Freeze,30.68866364,-8.972448554,1.17E-09,11.44006008,1.058428305
80,3h.08,3,Empty (with specks),Ethanol + Freeze,26.21582772,-7.158499358,7.46E-08,731.9138503,2.864459966
81,3h.09,3,Empty,Ethanol + Freeze,35.34313877,-10.86006115,1.54E-11,0.151027062,-0.820945225
82,3h.10,3,Partially full,Ethanol only,24.99420698,-6.66307364,2.32E-07,2278.889394,3.357723247
83,3h.11,3,Empty,Ethanol only,35.97136513,-11.11483702,8.58E-12,0.08421529,-1.074609053
84,3h.12,3,Full,Ethanol only,25.53421962,-6.882074628,1.41E-07,1379.361677,3.139678156
85,3h.13,3,Partially full,Ethanol only,25.51233766,-6.873200447,1.43E-07,1407.711317,3.148513602
86,3h.14,3,Empty,Ethanol only,NaN,NA,NA,NA,NA
87,3h.15,3,Empty,Ethanol only,34.17953052,-10.38816227,4.54E-11,0.445547394,-0.351106093
88,3h.16,3,Empty,Ethanol only,33.04873492,-9.929570494,1.30E-10,1.274923176,0.105484016
89,3h.17,3,Empty,Ethanol only,NaN,NA,NA,NA,NA
90,3h.18,3,Partially full,Ethanol only,25.16177065,-6.731028732,1.99E-07,1950.135397,3.290064765
91,6h.01,6,Full,Ethanol + Freeze,23.9307669,-6.231797752,6.24E-07,6125.149594,3.7871167
92,6h.02,6,Empty (with specks),Ethanol + Freeze,24.30396406,-6.383147075,4.41E-07,4329.402728,3.636427986
93,6h.03,6,Partially full,Ethanol + Freeze,31.57710821,-9.332755376,5.10E-10,5.008344014,0.699694152
94,6h.04,6,Partially full,Ethanol + Freeze,31.10802655,-9.142520299,7.90E-10,7.746381649,0.88909889
95,6h.05,6,Partially full,Ethanol + Freeze,26.50275239,-7.274861055,5.71E-08,560.5394271,2.748606165
96,6h.06,6,Empty (with specks),Ethanol + Freeze,31.78932343,-9.418818812,4.19E-10,4.111557486,0.614006367
97,6h.07,6,Full,Ethanol + Freeze,21.33218916,-5.177950022,6.99E-06,68606.39347,4.83636459
98,6h.08,6,Empty (with specks),Ethanol + Freeze,33.28679954,-10.0261171,1.04E-10,1.021783349,0.009358821
99,6h.09,6,Empty (with specks),Ethanol + Freeze,23.14792452,-5.914317672,1.29E-06,12682.68017,4.103211041
100,6h.10,6,Empty,Ethanol only,34.35590367,-10.45969003,3.85E-11,0.378162405,-0.422321648
101,6h.11,6,Empty,Ethanol only,31.68301375,-9.375705145,4.63E-10,4.538703895,0.65693185
102,6h.12,6,Partially full,Ethanol only,25.64110055,-6.925419964,1.27E-07,1248.883746,3.096522013
103,6h.13,6,Empty (with specks),Ethanol only,NaN,NA,NA,NA,NA
104,6h.14,6,Empty,Ethanol only,33.02928675,-9.92168333,1.32E-10,1.298185501,0.113336754
105,6h.15,6,Partially full,Ethanol only,25.51443556,-6.874051246,1.43E-07,1404.968271,3.147666517
106,6h.16,6,Empty,Ethanol only,32.55708538,-9.730183055,2.05E-10,2.013729663,0.304001167
107,6h.17,6,Empty,Ethanol only,35.7072044,-11.00770719,1.10E-11,0.107659702,-0.967946826
108,6h.18,6,Full,Ethanol only,23.64498855,-6.115900943,8.14E-07,7989.279985,3.902507641
109,10h.01,10,Empty,Ethanol + Freeze,34.27363642,-10.42632672,4.16E-11,0.408221652,-0.389103964
110,10h.02,10,Partially full,Ethanol + Freeze,27.74857053,-7.780099978,1.79E-08,176.0242535,2.245572511
111,10h.03,10,Empty (with specks),Ethanol + Freeze,33.07863061,-9.941694626,1.26E-10,1.239974642,0.093412804
112,10h.04,10,Partially full,Ethanol + Freeze,21.04886739,-5.063049474,9.10E-06,89281.9401,4.950763619
113,10h.05,10,Partially full,Ethanol + Freeze,2.96744054,NA,NA,NA,NA
114,10h.06,10,Partially full,Ethanol + Freeze,2.404510963,NA,NA,NA,NA
115,10h.07,10,Empty,Ethanol + Freeze,32.62790377,-9.758903305,1.92E-10,1.885412041,0.275406276
116,10h.08,10,Partially full,Ethanol + Freeze,30.56927115,-8.924029179,1.30E-09,12.78310448,1.106636338
117,10h.09,10,Full,Ethanol + Freeze,23.20279714,-5.93657115,1.23E-06,12051.87712,4.081054695
118,10h.10,10,Partially full,Ethanol only,24.6664687,-6.530160068,3.15E-07,3090.698752,3.490056677
119,10h.11,10,Empty,Ethanol only,35.12499801,-10.77159462,1.89E-11,0.184984424,-0.732864837
120,10h.12,10,Partially full,Ethanol only,25.75436724,-6.971355033,1.15E-07,1124.05469,3.050787442
121,10h.13,10,Partially full,Ethanol only,30.06759322,-8.720574749,2.08E-09,20.37993195,1.30920273
122,10h.14,10,Partially full,Ethanol only,31.44763389,-9.280247341,5.76E-10,5.649018531,0.751972999
123,10h.15,10,Full,Ethanol only,3.096982774,NA,NA,NA,NA
124,10h.16,10,Full,Ethanol only,25.0791613,-6.697526685,2.15E-07,2105.816785,3.323420583
125,10h.17,10,Empty,Ethanol only,33.91295881,-10.28005467,5.82E-11,0.570860026,-0.243470367
126,10h.18,10,Partially full,Ethanol only,23.51631048,-6.063715825,9.18E-07,9004.61154,3.954464982
127,24h.01,24,Empty,Ethanol + Freeze,16.62114593,NA,NA,NA,NA
128,24h.02,24,Empty,Ethanol + Freeze,40.02765467,-12.75985671,1.98E-13,0.001938882,-2.712448548
129,24h.03,24,Empty,Ethanol + Freeze,35.46415012,-10.90913704,1.38E-11,0.134956276,-0.869806914
130,24h.04,24,Empty,Ethanol + Freeze,3.043180805,NA,NA,NA,NA
131,24h.05,24,Full,Ethanol + Freeze,22.24481847,-5.548064916,2.99E-06,29367.37809,4.467865175
132,24h.06,24,Empty,Ethanol + Freeze,31.26095213,-9.204538944,6.85E-10,6.7197164,0.827350944
133,24h.07,24,Empty,Ethanol + Freeze,31.27852396,-9.211665164,6.74E-10,6.610827553,0.820255828
134,24h.08,24,Empty,Ethanol + Freeze,22.70177328,-5.733381977,1.96E-06,19202.46518,4.283356986
135,24h.09,24,Partially full,Ethanol + Freeze,31.34244626,-9.237588717,6.35E-10,6.229388655,0.794445428
136,24h.10,24,Empty (with specks),Ethanol + Freeze,31.0345618,-9.112726823,8.45E-10,8.293967378,0.918762323
137,24h.11,24,Full,Ethanol + Freeze,25.28397642,-6.780589025,1.77E-07,1740.68743,3.240720793
138,24h.12,24,Empty,Ethanol only,33.08758332,-9.94532538,1.25E-10,1.229696388,0.089797897
139,24h.13,24,Empty,Ethanol only,7.477732743,NA,NA,NA,NA
140,24h.14,24,Empty,Ethanol only,6.937561704,NA,NA,NA,NA
141,24h.15,24,Empty,Ethanol only,NaN,NA,NA,NA,NA
142,24h.16,24,Empty,Ethanol only,NaN,NA,NA,NA,NA
143,24h.17,24,Empty,Ethanol only,33.65366977,-10.17490055,7.40E-11,0.726481871,-0.138775219
144,24h.18,24,Full,Ethanol only,25.45605553,-6.850375348,1.51E-07,1483.334419,3.171239074
145,24h.19,24,Partially full,Ethanol only,26.73158283,-7.36766276,4.62E-08,453.1161292,2.656209522
146,24h.20,24,Empty (with specks),Ethanol only,31.05587998,-9.121372367,8.29E-10,8.131197601,0.910154515
147,24h.21,24,Empty,Ethanol only,37.42672789,-11.70505633,2.22E-12,0.021764457,-1.662252166
