,ID,accession,ssciname,pident,length,mismatch,gapopen,qstart,qend,sstart,send,evalue,bitscore
121,OTU_26,AC004979.1,Homo sapiens,100,91,0,0,1,91,58857,58767,6.42E-38,169
250,OTU_56,AC012365.6,Homo sapiens,96.703,91,3,0,1,91,41592,41682,6.47E-33,152
325,OTU_87,AC012365.6,Homo sapiens,100,91,0,0,1,91,41592,41682,6.42E-38,169
195,OTU_42,AC025627.13,Homo sapiens,100,91,0,0,1,91,130609,130699,6.42E-38,169
219,OTU_47,AC091134.7,Homo sapiens,100,94,0,0,1,94,135186,135093,1.45E-39,174
213,OTU_46,AC097526.3,Homo sapiens,100,92,0,0,1,92,54852,54761,1.82E-38,171
122,OTU_26,AC192008.2,Pan troglodytes,96.703,91,3,0,1,91,140641,140731,6.47E-33,152
241,OTU_53,AC193936.3,Pan troglodytes,90.526,95,9,0,1,95,141178,141272,4.19E-25,126
28,OTU_126,AC200082.7,Macaca mulatta,100,97,0,0,1,97,112627,112531,3.28E-41,180
27,OTU_126,AC202616.8,Macaca mulatta,100,97,0,0,1,97,67561,67465,3.28E-41,180
18,OTU_112,AC213900.3,Macaca mulatta,100,94,0,0,1,94,17965,18058,1.45E-39,174
139,OTU_29,AC214843.3,Macaca mulatta,97.872,94,2,0,1,94,27203,27110,3.14E-36,163
313,OTU_761,AC215276.3,Macaca mulatta,97.802,91,2,0,1,91,143248,143338,1.39E-34,158
314,OTU_77,AC215276.3,Macaca mulatta,98.901,91,1,0,1,91,143248,143338,2.99E-36,163
240,OTU_53,AC217026.3,Pan troglodytes,90.526,95,9,0,1,95,206368,206462,4.19E-25,126
156,OTU_305,AC239395.3,Homo sapiens,95.604,91,4,0,3,93,130290,130200,3.11E-31,147
310,OTU_74,AC239395.3,Homo sapiens,100,93,0,0,1,93,130292,130200,5.14E-39,172
71,OTU_17,AC239612.3,Homo sapiens,100,95,0,0,1,95,64738,64644,4.11E-40,176
70,OTU_17,AC244472.2,Homo sapiens,100,95,0,0,1,95,110226,110320,4.11E-40,176
135,OTU_284,AC255528.1,Homo sapiens,97.872,94,2,0,1,94,85575,85482,3.14E-36,163
77,OTU_18,AF107225.1,Babyrousa babyrussa,98.947,95,1,0,1,95,317,411,5.31E-39,172
258,OTU_58,AF420058.1,Cercopithecus aethiops,95.238,84,4,0,1,84,1414,1497,2.34E-27,134
186,OTU_40,AF420060.1,Pygathrix nemaeus,92.308,91,6,1,1,90,1414,1504,1.07E-25,128
157,OTU_305,AL030997.1,Homo sapiens,95.604,91,4,0,3,93,23066,23156,3.11E-31,147
311,OTU_74,AL030997.1,Homo sapiens,100,93,0,0,1,93,23064,23156,5.14E-39,172
343,OTU_94,AL035427.17,Homo sapiens,100,99,0,0,1,99,150710,150808,2.61E-42,183
324,OTU_86,AL117351.12,Homo sapiens,100,93,0,0,1,93,46783,46875,5.14E-39,172
163,OTU_31,AL158819.14,Homo sapiens,98.901,91,1,0,1,91,2827,2737,2.99E-36,163
137,OTU_284,AL356135.11,Homo sapiens,97.872,94,2,0,1,94,40702,40795,3.14E-36,163
80,OTU_181,AL390802.2,Homo sapiens,100,91,0,0,1,91,103116,103206,6.42E-38,169
79,OTU_181,AL583743.3,Homo sapiens,100,91,0,0,1,91,23523,23613,6.42E-38,169
110,OTU_23,AL590396.13,Homo sapiens,100,91,0,0,1,91,45838,45748,6.42E-38,169
177,OTU_36,AL590396.13,Homo sapiens,95.556,90,4,0,2,91,45837,45748,1.08E-30,145
72,OTU_175,AP002829.3,Homo sapiens,100,87,0,0,1,87,969,883,9.99E-36,161
74,OTU_175,AP003461.2,Homo sapiens,98.851,87,1,0,1,87,15365,15279,4.65E-34,156
194,OTU_42,AP023477.1,Homo sapiens,100,91,0,0,1,91,19781294,19781384,6.42E-38,169
296,OTU_701,AY131486.1,Catharsius molossus,96.25,80,3,0,1,80,300,379,6.95E-27,132
220,OTU_491,AY131544.1,Paragymnopleurus sp.,93.75,80,5,0,4,83,301,380,1.60E-23,121
13,OTU_11,AY227463.1,Rhinosciurus laticaudatus,95.652,92,4,0,1,92,310,401,8.51E-32,148
166,OTU_33,AY360298.1,Macaca mulatta,96.809,94,3,0,1,94,231,138,1.46E-34,158
91,OTU_192,AY360309.1,Macaca mulatta,98.925,93,1,0,2,94,230,138,2.43E-37,167
259,OTU_58,AY603036.1,Cercopithecus aethiops,95.238,84,4,0,1,84,810,893,2.34E-27,134
141,OTU_291,CP050569.1,Canis lupus familiaris,96.739,92,3,0,1,92,13521257,13521166,1.83E-33,154
262,OTU_60,CP050569.1,Canis lupus familiaris,100,92,0,0,1,92,13521257,13521166,1.82E-38,171
142,OTU_291,CP050620.1,Canis lupus familiaris,96.739,92,3,0,1,92,13523582,13523491,1.83E-33,154
263,OTU_60,CP050620.1,Canis lupus familiaris,100,92,0,0,1,92,13523582,13523491,1.82E-38,171
120,OTU_25,CP068258.2,Homo sapiens,100,86,0,0,1,86,59136597,59136512,3.53E-35,159
193,OTU_42,CP068261.2,Homo sapiens,100,91,0,0,1,91,19549593,19549683,6.42E-38,169
218,OTU_47,CP068261.2,Homo sapiens,100,94,0,0,1,94,23212463,23212556,1.45E-39,174
158,OTU_305,CT841529.2,Pan troglodytes,93.407,91,6,0,3,93,145544,145634,6.74E-28,135
312,OTU_74,CT841529.2,Pan troglodytes,97.849,93,2,0,1,93,145542,145634,1.11E-35,161
196,OTU_43,EU621808.1,Varanus bengalensis,98.98,98,1,0,1,98,199,296,4.31E-40,176
341,OTU_93,FN674006.1,Homo sapiens,98.947,95,1,0,1,95,458,552,1.91E-38,171
129,OTU_27,FN674020.1,Homo sapiens,100,91,0,0,1,91,275,365,6.42E-38,169
131,OTU_28,FN674025.1,Homo sapiens,100,94,0,0,1,94,119,212,1.45E-39,174
78,OTU_181,FN674038.1,Homo sapiens,100,91,0,0,1,91,238,328,6.42E-38,169
344,OTU_94,FN674048.1,Homo sapiens,100,74,0,0,26,99,1,74,2.06E-28,137
229,OTU_50,GQ338946.1,Sus celebensis,98.936,94,1,0,1,94,1069,1162,6.76E-38,169
31,OTU_13,GQ338949.1,Potamochoerus porcus,100,95,0,0,1,95,1069,1163,4.11E-40,176
76,OTU_18,GQ338952.1,Babyrousa babyrussa,100,95,0,0,1,95,1062,1156,4.11E-40,176
143,OTU_291,HG994395.1,Canis lupus,96.739,92,3,0,1,92,15332240,15332149,1.83E-33,154
264,OTU_60,HG994395.1,Canis lupus,100,92,0,0,1,92,15332240,15332149,1.82E-38,171
86,OTU_188,JF795308.1,Tupaia glis,94.318,88,5,0,5,92,1237,1324,6.63E-28,135
146,OTU_295,JF795308.1,Tupaia glis,94.565,92,4,1,1,91,1233,1324,1.40E-29,141
152,OTU_30,JF795308.1,Tupaia glis,95.652,92,4,0,1,92,1233,1324,8.51E-32,148
228,OTU_50,JN601070.1,,98.936,94,1,0,1,94,2262,2355,6.76E-38,169
133,OTU_281,JN800721.1,,98.889,90,1,0,3,92,2272,2361,1.09E-35,161
260,OTU_6,JN800721.1,,97.849,93,2,0,1,93,2269,2361,1.11E-35,161
66,OTU_164,KC757406.1,,95.745,94,4,0,1,94,2276,2369,6.81E-33,152
205,OTU_44,KC977312.1,,99.091,110,1,0,1,110,2279,2388,1.09E-46,198
30,OTU_13,KJ193191.1,,100,95,0,0,1,95,321,415,4.11E-40,176
4,OTU_10,KJ698653.1,,100,94,0,0,1,94,209,302,1.45E-39,174
295,OTU_701,KJ721821.1,,96.25,80,3,0,1,80,232,311,6.95E-27,132
322,OTU_810,KT587372.1,,97.872,94,2,0,1,94,2833,2926,3.14E-36,163
321,OTU_810,KT587454.1,,97.872,94,2,0,1,94,2833,2926,3.14E-36,163
302,OTU_719,KU739458.1,,95.506,89,4,0,1,89,13004,12916,3.75E-30,143
297,OTU_701,KU739459.1,,92.5,80,6,0,1,80,12932,12853,7.00E-22,115
300,OTU_71,KY410899.1,,96.739,92,3,0,1,92,2275,2366,1.83E-33,154
336,OTU_9,KY410899.1,,100,92,0,0,1,92,2275,2366,1.82E-38,171
299,OTU_71,KY410900.1,,96.739,92,3,0,1,92,2276,2367,1.83E-33,154
335,OTU_9,KY410900.1,,100,92,0,0,1,92,2276,2367,1.82E-38,171
37,OTU_14,KY410950.1,,96.703,91,3,0,3,93,2285,2375,6.69E-33,152
35,OTU_14,KY410951.1,,97.849,93,2,0,1,93,2286,2378,1.11E-35,161
36,OTU_14,KY410952.1,,97.849,93,1,1,1,93,2287,2378,4.00E-35,159
14,OTU_11,KY410992.1,,91.304,92,7,1,1,92,2260,2350,1.43E-24,124
204,OTU_44,KY436589.1,,99.091,110,1,0,1,110,2279,2388,1.09E-46,198
63,OTU_163,KY464177.1,,95.699,93,2,1,1,93,2208,2298,8.66E-32,148
112,OTU_24,KY464177.1,,98.901,91,1,0,1,91,2208,2298,2.99E-36,163
230,OTU_513,KY824825.1,,98.901,91,1,0,3,93,2831,2921,3.09E-36,163
320,OTU_8,LC060940.1,,93.617,94,6,0,1,94,2263,2356,1.47E-29,141
117,OTU_244,LC433813.1,,90.426,94,9,0,1,94,314,407,1.48E-24,124
247,OTU_55,LC433813.1,,91.489,94,8,0,1,94,314,407,3.19E-26,130
116,OTU_244,LC433817.2,,90.426,94,9,0,1,94,96,189,1.48E-24,124
246,OTU_55,LC433817.2,,91.489,94,8,0,1,94,96,189,3.19E-26,130
104,OTU_22,LC742379.1,,100,93,0,0,1,93,2634,2726,5.14E-39,172
153,OTU_304,LK110930.1,,96.809,94,3,0,1,94,739,646,1.46E-34,158
318,OTU_8,LN873134.1,,98.936,94,1,0,1,94,15285,15192,6.76E-38,169
154,OTU_304,LT629868.1,,95.745,94,4,0,1,94,106678,106771,6.81E-33,152
155,OTU_304,LT629868.1,,95.745,94,4,0,1,94,131629,131536,6.81E-33,152
185,OTU_4,MF177025.1,,100,92,0,0,1,92,2254,2345,1.82E-38,171
184,OTU_4,MF177026.1,,100,92,0,0,1,92,2240,2331,1.82E-38,171
183,OTU_4,MF177027.1,,100,92,0,0,1,92,2256,2347,1.82E-38,171
279,OTU_64,MF893899.1,,95.745,94,4,0,1,94,2246,2339,6.81E-33,152
87,OTU_189,MF893916.1,,97.872,94,2,0,1,94,2247,2340,3.14E-36,163
59,OTU_16,MF893966.1,,100,94,0,0,1,94,2246,2339,1.45E-39,174
238,OTU_525,MF893966.1,,98.901,91,1,0,1,91,2246,2336,3.09E-36,163
58,OTU_16,MF893967.1,,100,94,0,0,1,94,2246,2339,1.45E-39,174
237,OTU_525,MF893967.1,,98.901,91,1,0,1,91,2246,2336,3.09E-36,163
57,OTU_16,MF893969.1,,100,94,0,0,1,94,2246,2339,1.45E-39,174
236,OTU_525,MF893969.1,,98.901,91,1,0,1,91,2246,2336,3.09E-36,163
149,OTU_3,MF893987.1,,100,94,0,0,1,94,2245,2338,1.45E-39,174
285,OTU_655,MF893987.1,,98.913,92,1,0,3,94,2247,2338,8.74E-37,165
339,OTU_923,MF893987.1,,98.876,89,1,0,1,89,2245,2333,4.07E-35,159
148,OTU_3,MF893988.1,,100,94,0,0,1,94,2245,2338,1.45E-39,174
284,OTU_655,MF893988.1,,98.913,92,1,0,3,94,2247,2338,8.74E-37,165
338,OTU_923,MF893988.1,,98.876,89,1,0,1,89,2245,2333,4.07E-35,159
147,OTU_3,MF893989.1,,100,94,0,0,1,94,2245,2338,1.45E-39,174
283,OTU_655,MF893989.1,,98.913,92,1,0,3,94,2247,2338,8.74E-37,165
337,OTU_923,MF893989.1,,98.876,89,1,0,1,89,2245,2333,4.07E-35,159
301,OTU_719,MF944145.1,,100,89,0,0,1,89,237,325,8.01E-37,165
34,OTU_137,MG250533.1,,98.947,95,0,1,1,94,3517,3611,6.76E-38,169
288,OTU_67,MG250533.1,,100,94,0,0,2,95,3518,3611,1.48E-39,174
33,OTU_137,MG250534.1,,98.947,95,0,1,1,94,3517,3611,6.76E-38,169
287,OTU_67,MG250534.1,,100,94,0,0,2,95,3518,3611,1.48E-39,174
96,OTU_2,MG250542.1,,100,94,0,0,1,94,3517,3610,1.45E-39,174
108,OTU_221,MG250542.1,,98.925,93,0,1,2,93,3518,3610,8.60E-37,165
32,OTU_137,MG250566.1,,98.947,95,0,1,1,94,3517,3611,6.76E-38,169
286,OTU_67,MG250566.1,,100,94,0,0,2,95,3518,3611,1.48E-39,174
323,OTU_810,MG272710.1,,97.872,94,2,0,1,94,2828,2921,3.14E-36,163
94,OTU_2,MG725631.1,,100,94,0,0,1,94,2816,2909,1.45E-39,174
106,OTU_221,MG725631.1,,98.925,93,0,1,2,93,2817,2909,8.60E-37,165
5,OTU_10,MG996894.1,,98.936,94,1,0,1,94,20,113,6.76E-38,169
199,OTU_432,MH444414.1,,98.936,94,0,1,1,93,2827,2920,2.39E-37,167
198,OTU_432,MH444415.1,,98.936,94,0,1,1,93,2828,2921,2.39E-37,167
197,OTU_432,MN192057.1,,98.936,94,0,1,1,93,773,866,2.39E-37,167
97,OTU_20,MN647518.1,,94.118,102,6,0,1,102,318,419,5.96E-34,156
272,OTU_63,MN816304.1,,96.667,90,3,0,1,90,2263,2352,2.28E-32,150
105,OTU_22,MT237632.1,,100,93,0,0,1,93,2261,2353,5.14E-39,172
114,OTU_24,MT259586.1,,96.703,91,3,0,1,91,14946,14856,6.47E-33,152
51,OTU_147,MT259588.1,,90.526,95,5,4,1,93,13272,13364,5.25E-24,122
352,OTU_97,MT300243.1,,97.872,94,2,0,1,94,2246,2339,3.14E-36,163
353,OTU_97,MT300246.1,,97.826,92,2,0,3,94,2248,2339,4.07E-35,159
303,OTU_719,MT908115.1,,95.506,89,4,0,1,89,250,338,3.75E-30,143
6,OTU_10,MW257219.1,,97.872,94,2,0,1,94,2265,2358,3.14E-36,163
188,OTU_403,MW703459.1,,98.925,93,0,1,1,92,243,335,8.45E-37,165
290,OTU_69,MW703459.1,,100,93,0,0,1,93,243,335,5.14E-39,172
187,OTU_403,MW703460.1,,98.925,93,0,1,1,92,243,335,8.45E-37,165
289,OTU_69,MW703460.1,,100,93,0,0,1,93,243,335,5.14E-39,172
192,OTU_41,MZ040939.1,,96.809,94,3,0,1,94,321,414,1.46E-34,158
19,OTU_112,MZ040940.1,,93.023,86,6,0,9,94,324,409,4.13E-25,126
235,OTU_52,MZ040940.1,,93.023,86,5,1,9,93,324,409,1.46E-24,124
68,OTU_164,MZ040948.1,,93.478,92,6,0,1,92,321,412,1.91E-28,137
191,OTU_41,MZ040948.1,,96.809,94,3,0,1,94,321,414,1.46E-34,158
67,OTU_164,MZ040959.1,,93.478,92,6,0,1,92,321,412,1.91E-28,137
190,OTU_41,MZ040959.1,,96.809,94,3,0,1,94,321,414,1.46E-34,158
62,OTU_162,MZ041116.1,,98.936,94,1,0,1,94,318,411,6.76E-38,169
61,OTU_162,MZ041117.1,,98.936,94,1,0,1,94,318,411,6.76E-38,169
48,OTU_144,MZ041121.1,,95.745,94,4,0,1,94,319,412,6.81E-33,152
249,OTU_56,MZ041122.1,,100,91,0,0,1,91,318,408,6.42E-38,169
60,OTU_162,MZ041127.1,,100,94,0,0,1,94,318,411,1.45E-39,174
115,OTU_244,MZ041128.1,,98.936,94,1,0,1,94,320,413,6.76E-38,169
245,OTU_55,MZ041128.1,,97.872,94,2,0,1,94,320,413,3.14E-36,163
46,OTU_144,MZ041129.1,,96.809,94,3,0,1,94,319,412,1.46E-34,158
138,OTU_29,MZ041129.1,,100,94,0,0,1,94,319,412,1.45E-39,174
47,OTU_144,MZ041130.1,,95.745,94,4,0,1,94,319,412,6.81E-33,152
140,OTU_29,MZ041130.1,,96.809,94,3,0,1,94,319,412,1.46E-34,158
134,OTU_281,NC_004031.1,,97.778,90,2,0,3,92,2272,2361,5.09E-34,156
261,OTU_6,NC_004031.1,,96.774,93,3,0,1,93,2269,2361,5.17E-34,156
294,OTU_70,NC_010166.1,,97.248,109,3,0,1,109,1856,1964,8.39E-43,185
90,OTU_19,NC_014858.1,,90.426,94,6,3,1,94,2262,2352,1.92E-23,121
319,OTU_8,NC_020753.1,,97.872,94,2,0,1,94,2261,2354,3.14E-36,163
292,OTU_70,NC_022154.1,,100,109,0,0,1,109,26811,26703,8.33E-48,202
89,OTU_189,NC_023795.1,,97.872,94,2,0,1,94,2766,2859,3.14E-36,163
227,OTU_50,NC_024860.1,,98.936,94,1,0,1,94,3304,3397,6.76E-38,169
41,OTU_141,NC_026120.1,,96.809,94,3,0,1,94,2244,2337,1.46E-34,158
53,OTU_15,NC_026120.1,,97.872,94,2,0,1,94,2244,2337,3.14E-36,163
315,OTU_79,NC_026120.1,,96.809,94,3,0,1,94,2244,2337,1.46E-34,158
271,OTU_63,NC_026465.1,,100,90,0,0,1,90,2269,2358,2.27E-37,167
43,OTU_141,NC_026976.1,,95.745,94,4,0,1,94,2780,2873,6.81E-33,152
351,OTU_97,NC_026976.1,,97.872,94,2,0,1,94,2780,2873,3.14E-36,163
298,OTU_71,NC_035815.1,,96.739,92,3,0,1,92,2438,2529,1.83E-33,154
334,OTU_9,NC_035815.1,,100,92,0,0,1,92,2438,2529,1.82E-38,171
50,OTU_147,NC_035822.1,,93.103,87,3,3,5,91,2351,2434,1.46E-24,124
293,OTU_70,NC_036103.1,,97.248,109,3,0,1,109,3769,3877,8.39E-43,185
64,OTU_163,NC_036729.1,,95.699,93,2,1,1,93,2258,2348,8.66E-32,148
113,OTU_24,NC_036729.1,,98.901,91,1,0,1,91,2258,2348,2.99E-36,163
95,OTU_2,NC_039090.1,,100,94,0,0,1,94,2776,2869,1.45E-39,174
107,OTU_221,NC_039090.1,,98.925,93,0,1,2,93,2777,2869,8.60E-37,165
203,OTU_44,NC_040292.1,,100,110,0,0,1,110,2279,2388,2.35E-48,204
99,OTU_20,NC_040858.1,,94,100,6,0,1,100,2280,2379,7.71E-33,152
49,OTU_147,NC_056988.1,,93.333,90,3,3,5,93,2264,2351,3.14E-26,130
98,OTU_20,NC_066800.1,,94.118,102,6,0,1,102,2290,2391,5.96E-34,156
85,OTU_188,NC_068695.1,,98.864,88,1,0,5,92,2252,2339,1.41E-34,158
145,OTU_295,NC_068695.1,,98.913,92,0,1,1,91,2248,2339,2.99E-36,163
151,OTU_30,NC_068695.1,,100,92,0,0,1,92,2248,2339,1.82E-38,171
342,OTU_93,NG_001337.2,,98.947,95,1,0,1,95,52404,52498,1.91E-38,171
132,OTU_28,NG_012041.1,,100,94,0,0,1,94,62355,62262,1.45E-39,174
73,OTU_175,NG_016423.2,,98.851,87,1,0,1,87,304408,304322,4.65E-34,156
109,OTU_23,NG_023152.1,,100,91,0,0,1,91,1183,1273,6.42E-38,169
176,OTU_36,NG_023152.1,,95.556,90,4,0,2,91,1184,1273,1.08E-30,145
340,OTU_93,NG_023461.1,,98.947,95,1,0,1,95,1225,1319,1.91E-38,171
239,OTU_53,NG_023462.4,,90.526,95,9,0,1,95,1329,1423,4.19E-25,126
111,OTU_23,NG_023471.3,,98.901,91,1,0,1,91,1207,1297,2.99E-36,163
175,OTU_36,NG_023471.3,,96.667,90,3,0,2,91,1208,1297,2.33E-32,150
326,OTU_87,NG_023475.4,,97.802,91,2,0,1,91,1212,1302,1.39E-34,158
22,OTU_115,NG_027492.2,,92.632,95,5,2,1,94,624,717,6.85E-28,135
44,OTU_142,NG_027492.2,,96.809,94,3,0,1,94,624,717,1.46E-34,158
55,OTU_152,NG_027492.2,,98.837,86,1,0,13,98,632,717,2.02E-33,154
168,OTU_34,NG_027492.2,,97.872,94,2,0,1,94,624,717,3.14E-36,163
174,OTU_353,NG_027492.2,,91.579,95,6,2,1,94,624,717,3.19E-26,130
26,OTU_126,NG_027497.3,,100,97,0,0,1,97,1223,1319,3.28E-41,180
248,OTU_56,NG_027507.2,,100,91,0,0,1,91,1203,1293,6.42E-38,169
327,OTU_87,NG_027507.2,,96.703,91,3,0,1,91,1203,1293,6.47E-33,152
20,OTU_112,NG_027509.3,,90.217,92,8,1,3,94,1235,1325,6.90E-23,119
233,OTU_52,NG_027509.3,,100,93,0,0,1,93,1233,1325,5.14E-39,172
136,OTU_284,NG_029631.2,,97.872,94,2,0,1,94,521,614,3.14E-36,163
118,OTU_25,NG_047090.1,,100,86,0,0,1,86,12754,12669,3.53E-35,159
69,OTU_17,NG_077210.1,,100,95,0,0,1,95,511,605,4.11E-40,176
128,OTU_27,NG_077212.1,,100,91,0,0,1,91,1229,1319,6.42E-38,169
217,OTU_47,NG_077217.1,,100,94,0,0,1,94,943,1036,1.45E-39,174
119,OTU_25,NG_077247.1,,100,86,0,0,1,86,298,383,3.53E-35,159
130,OTU_28,NG_077258.1,,100,94,0,0,1,94,1246,1339,1.45E-39,174
162,OTU_31,NG_077259.1,,98.901,91,1,0,1,91,746,836,2.99E-36,163
164,OTU_31,NM_001193606.2,,96.703,91,3,0,1,91,1097,1187,6.47E-33,152
127,OTU_27,NM_001193627.2,,100,91,0,0,1,91,1130,1220,6.42E-38,169
165,OTU_33,NM_001194967.1,,100,94,0,0,1,94,1127,1220,1.45E-39,174
242,OTU_54,NM_001194967.1,,94.681,94,5,0,1,94,1127,1220,3.17E-31,147
10,OTU_109,NM_001195043.2,,96.809,94,3,0,1,94,855,948,1.46E-34,158
280,OTU_65,NM_001195043.2,,97.872,94,2,0,1,94,855,948,3.14E-36,163
181,OTU_38,NM_001195058.2,,100,94,0,0,1,94,1143,1236,1.45E-39,174
21,OTU_115,NM_001195073.3,,98.936,94,1,0,1,94,1111,1204,6.76E-38,169
45,OTU_142,NM_001195073.3,,92.632,95,5,2,1,94,1111,1204,6.85E-28,135
56,OTU_152,NM_001195073.3,,91.954,87,5,2,13,98,1119,1204,2.05E-23,121
169,OTU_34,NM_001195073.3,,91.579,95,6,2,1,94,1111,1204,3.19E-26,130
173,OTU_353,NM_001195073.3,,97.872,94,2,0,1,94,1111,1204,3.14E-36,163
206,OTU_442,OC914826.1,,93.269,104,7,0,1,104,341448,341345,2.21E-33,154
273,OTU_63,OK163841.1,,94.444,90,5,0,1,90,2266,2355,4.95E-29,139
75,OTU_18,OK539643.1,,100,95,0,0,1,95,2268,2362,4.11E-40,176
277,OTU_64,OM502028.1,,100,94,0,0,1,94,1177131,1177038,1.45E-39,174
84,OTU_188,ON746674.1,,98.864,88,1,0,5,92,2252,2339,1.41E-34,158
144,OTU_295,ON746674.1,,98.913,92,0,1,1,91,2248,2339,2.99E-36,163
150,OTU_30,ON746674.1,,100,92,0,0,1,92,2248,2339,1.82E-38,171
12,OTU_109,OP088126.1,,94.681,94,5,0,1,94,294,387,3.17E-31,147
29,OTU_13,OP088335.1,,100,95,0,0,1,95,306,400,4.11E-40,176
189,OTU_403,OP575307.1,,98.925,93,0,1,1,92,2702,2794,8.45E-37,165
291,OTU_69,OP575307.1,,100,93,0,0,1,93,2702,2794,5.14E-39,172
209,OTU_451,OP718247.1,,98.925,93,1,0,1,93,2826,2918,2.43E-37,167
103,OTU_22,OP921772.1,,100,93,0,0,1,93,2257,2349,5.14E-39,172
278,OTU_64,OQ199568.1,,96.809,94,3,0,1,94,2253,2346,1.46E-34,158
42,OTU_141,OQ199570.1,,95.745,94,4,0,1,94,2245,2338,6.81E-33,152
54,OTU_15,OQ199570.1,,96.809,94,3,0,1,94,2245,2338,1.46E-34,158
88,OTU_189,OQ199570.1,,97.872,94,2,0,1,94,2245,2338,3.14E-36,163
316,OTU_79,OQ199570.1,,95.745,94,4,0,1,94,2245,2338,6.81E-33,152
11,OTU_109,OQ199571.1,,94.681,94,5,0,1,94,2249,2342,3.17E-31,147
244,OTU_54,OQ199583.1,,93.617,94,6,0,1,94,2245,2338,1.47E-29,141
167,OTU_33,OQ199584.1,,95.745,94,4,0,1,94,2245,2338,6.81E-33,152
243,OTU_54,OQ199584.1,,93.617,94,6,0,1,94,2245,2338,1.47E-29,141
40,OTU_140,OQ199663.1,,98.936,94,1,0,1,94,2243,2336,6.76E-38,169
39,OTU_140,OQ199664.1,,98.936,94,1,0,1,94,2243,2336,6.76E-38,169
38,OTU_140,OQ199665.1,,98.936,94,1,0,1,94,2243,2336,6.76E-38,169
282,OTU_65,OQ199735.1,,93.617,94,6,0,1,94,2244,2337,1.47E-29,141
281,OTU_65,OQ199736.1,,93.617,94,6,0,1,94,2244,2337,1.47E-29,141
93,OTU_192,OQ199746.1,,97.849,93,2,0,2,94,2246,2338,1.13E-35,161
92,OTU_192,OQ199747.1,,97.849,93,2,0,2,94,2247,2339,1.13E-35,161
65,OTU_163,OQ708102.1,,93.548,93,4,2,1,93,298,388,1.87E-28,137
208,OTU_451,OQ731953.1,,98.925,93,1,0,1,93,2828,2920,2.43E-37,167
207,OTU_451,OQ731981.1,,98.925,93,1,0,1,93,2828,2920,2.43E-37,167
9,OTU_104,OR129837.1,,100,92,0,0,1,92,2249,2340,1.82E-38,171
8,OTU_104,OR129838.1,,100,92,0,0,1,92,2216,2307,1.82E-38,171
356,OTU_99,OR269156.1,,100,101,0,0,1,101,2308,2408,2.08E-43,187
355,OTU_99,OR269157.1,,100,101,0,0,1,101,2308,2408,2.08E-43,187
354,OTU_99,OR269158.1,,100,101,0,0,1,101,2308,2408,2.08E-43,187
306,OTU_72,OR327026.1,,100,86,0,0,1,86,2263,2348,3.53E-35,159
305,OTU_72,OR327027.1,,100,86,0,0,1,86,2263,2348,3.53E-35,159
304,OTU_72,OR327028.1,,100,86,0,0,1,86,2263,2348,3.53E-35,159
17,OTU_111,OR360214.1,,98.913,92,0,1,1,91,289,380,2.99E-36,163
25,OTU_12,OR360214.1,,100,92,0,0,1,92,289,380,1.82E-38,171
16,OTU_111,OR360227.1,,98.913,92,0,1,1,91,289,380,2.99E-36,163
24,OTU_12,OR360227.1,,100,92,0,0,1,92,289,380,1.82E-38,171
126,OTU_260,OR360233.1,,97.872,94,2,0,1,94,301,394,3.14E-36,163
180,OTU_374,OR360233.1,,97.872,94,2,0,1,94,301,394,3.14E-36,163
202,OTU_439,OR360233.1,,98.925,93,1,0,2,94,302,394,2.43E-37,167
212,OTU_455,OR360233.1,,97.872,94,2,0,1,94,301,394,3.14E-36,163
216,OTU_467,OR360233.1,,97.872,94,2,0,1,94,301,394,3.14E-36,163
223,OTU_497,OR360233.1,,97.872,94,2,0,1,94,301,394,3.14E-36,163
267,OTU_616,OR360233.1,,97.872,94,2,0,1,94,301,394,3.14E-36,163
270,OTU_626,OR360233.1,,100,91,0,0,1,91,301,391,6.65E-38,169
276,OTU_634,OR360233.1,,97.872,94,2,0,1,94,301,394,3.14E-36,163
330,OTU_888,OR360233.1,,97.872,94,2,0,1,94,301,394,3.14E-36,163
350,OTU_965,OR360233.1,,97.872,94,2,0,1,94,301,394,3.14E-36,163
15,OTU_111,OR360243.1,,98.913,92,0,1,1,91,289,380,2.99E-36,163
23,OTU_12,OR360243.1,,100,92,0,0,1,92,289,380,1.82E-38,171
226,OTU_5,OR371515.1,,100,102,0,0,1,102,3548,3649,5.88E-44,189
225,OTU_5,OR371516.1,,100,102,0,0,1,102,3548,3649,5.88E-44,189
125,OTU_260,OR397961.1,,97.872,94,2,0,1,94,2263,2356,3.14E-36,163
179,OTU_374,OR397961.1,,97.872,94,2,0,1,94,2263,2356,3.14E-36,163
201,OTU_439,OR397961.1,,98.925,93,1,0,2,94,2264,2356,2.43E-37,167
211,OTU_455,OR397961.1,,97.872,94,2,0,1,94,2263,2356,3.14E-36,163
215,OTU_467,OR397961.1,,97.872,94,2,0,1,94,2263,2356,3.14E-36,163
222,OTU_497,OR397961.1,,97.872,94,2,0,1,94,2263,2356,3.14E-36,163
266,OTU_616,OR397961.1,,97.872,94,2,0,1,94,2263,2356,3.14E-36,163
269,OTU_626,OR397961.1,,100,91,0,0,1,91,2263,2353,6.65E-38,169
275,OTU_634,OR397961.1,,97.872,94,2,0,1,94,2263,2356,3.14E-36,163
329,OTU_888,OR397961.1,,97.872,94,2,0,1,94,2263,2356,3.14E-36,163
349,OTU_965,OR397961.1,,97.872,94,2,0,1,94,2263,2356,3.14E-36,163
124,OTU_260,OR397962.1,,97.872,94,2,0,1,94,2263,2356,3.14E-36,163
178,OTU_374,OR397962.1,,97.872,94,2,0,1,94,2263,2356,3.14E-36,163
200,OTU_439,OR397962.1,,98.925,93,1,0,2,94,2264,2356,2.43E-37,167
210,OTU_455,OR397962.1,,97.872,94,2,0,1,94,2263,2356,3.14E-36,163
214,OTU_467,OR397962.1,,97.872,94,2,0,1,94,2263,2356,3.14E-36,163
221,OTU_497,OR397962.1,,97.872,94,2,0,1,94,2263,2356,3.14E-36,163
265,OTU_616,OR397962.1,,97.872,94,2,0,1,94,2263,2356,3.14E-36,163
268,OTU_626,OR397962.1,,100,91,0,0,1,91,2263,2353,6.65E-38,169
274,OTU_634,OR397962.1,,97.872,94,2,0,1,94,2263,2356,3.14E-36,163
328,OTU_888,OR397962.1,,97.872,94,2,0,1,94,2263,2356,3.14E-36,163
348,OTU_965,OR397962.1,,97.872,94,2,0,1,94,2263,2356,3.14E-36,163
102,OTU_21,OR459772.1,,100,92,0,0,1,92,2269,2360,1.82E-38,171
101,OTU_21,OR459773.1,,100,92,0,0,1,92,2269,2360,1.82E-38,171
100,OTU_21,OR459774.1,,100,92,0,0,1,92,2269,2360,1.82E-38,171
224,OTU_5,OR506257.1,,100,102,0,0,1,102,2319,2420,5.88E-44,189
7,OTU_104,OR591248.1,,100,92,0,0,1,92,335,426,1.82E-38,171
2,OTU_1,OR643891.1,,100,94,0,0,1,94,2824,2917,1.45E-39,174
232,OTU_513,OR643891.1,,97.872,94,1,1,1,93,2824,2917,1.11E-35,161
252,OTU_575,OR643891.1,,98.889,90,1,0,2,91,2825,2914,1.13E-35,161
332,OTU_896,OR643891.1,,98.889,90,1,0,2,91,2825,2914,1.13E-35,161
1,OTU_1,OR643892.1,,100,94,0,0,1,94,2828,2921,1.45E-39,174
231,OTU_513,OR643892.1,,97.872,94,1,1,1,93,2828,2921,1.11E-35,161
251,OTU_575,OR643892.1,,98.889,90,1,0,2,91,2829,2918,1.13E-35,161
331,OTU_896,OR643892.1,,98.889,90,1,0,2,91,2829,2918,1.13E-35,161
3,OTU_1,OR652292.1,,100,94,0,0,1,94,2830,2923,1.45E-39,174
253,OTU_575,OR652292.1,,98.889,90,1,0,2,91,2831,2920,1.13E-35,161
333,OTU_896,OR652292.1,,98.889,90,1,0,2,91,2831,2920,1.13E-35,161
160,OTU_307,OU744361.1,,93.617,94,5,1,3,96,23932634,23932726,5.48E-29,139
161,OTU_307,OU744361.1,,93.617,94,5,1,3,96,26354710,26354618,5.48E-29,139
159,OTU_307,OU744366.1,,93.617,94,5,1,3,96,7353145,7353053,5.48E-29,139
170,OTU_343,OX421408.1,,100,82,0,0,1,82,28949525,28949444,5.56E-33,152
171,OTU_343,OX421408.1,,98.78,82,1,0,1,82,29067582,29067663,2.59E-31,147
82,OTU_185,OX459945.2,,94.565,92,2,2,1,90,37021955,37022045,4.95E-29,139
81,OTU_185,OX596093.1,,94.565,92,2,2,1,90,34703336,34703426,4.95E-29,139
172,OTU_343,OY757318.1,,98.78,82,1,0,1,82,19900974,19900893,2.59E-31,147
346,OTU_95,XM_011722773.2,,100,89,0,0,1,89,1455,1543,8.31E-37,165
234,OTU_52,XM_011996668.1,,91.304,92,7,1,3,93,1142,1233,1.46E-24,124
307,OTU_73,XM_011996668.1,,98.936,94,1,0,1,94,1140,1233,6.76E-38,169
347,OTU_95,XM_012058929.1,,100,89,0,0,1,89,3220,3308,8.31E-37,165
309,OTU_73,XM_012089318.1,,97.872,94,2,0,1,94,1140,1233,3.14E-36,163
182,OTU_392,XM_023046776.1,,92.683,82,6,0,1,82,295,376,6.21E-23,119
256,OTU_579,XM_023047653.1,,96.104,77,3,0,4,80,1335,1259,3.23E-25,126
255,OTU_579,XM_023047654.1,,96.104,77,3,0,4,80,1359,1283,3.23E-25,126
254,OTU_579,XM_023047655.1,,96.104,77,3,0,4,80,1307,1231,3.23E-25,126
123,OTU_26,XM_023225755.2,,92.308,91,7,0,1,91,1285,1375,3.03E-26,130
257,OTU_58,XM_028836112.1,,100,91,0,0,1,91,1132,1222,6.42E-38,169
345,OTU_95,XM_031656858.1,,100,89,0,0,1,89,648,736,8.31E-37,165
308,OTU_73,XM_031666222.1,,97.872,94,2,0,1,94,3405,3498,3.14E-36,163
83,OTU_185,XR_005718911.1,,96.471,85,1,1,1,83,87,3,4.95E-29,139
52,OTU_15,XR_006698753.1,,98.936,94,1,0,1,94,1150,1243,6.76E-38,169
317,OTU_79,XR_006698753.1,,95.745,94,4,0,1,94,1150,1243,6.81E-33,152
