SpecimenID,Species,DungType,TimePt,Storage,Extraction,DNAPurity,DNAYield
CM0001,Catharsius_molossus,Elephant,0,LiqN,Gut,0.704778638,31.02344779
CM0002,Catharsius_molossus,Elephant,0,LiqN,Gut,1.994401197,39.6832083
CM0003,Catharsius_molossus,Elephant,0,LiqN,Gut,0.143684705,37.10587832
CM0004,Catharsius_molossus,Elephant,0,LiqN,Gut,1.359987707,36.06900427
CM0005,Catharsius_molossus,Elephant,0,LiqN,Gut,1.09304968,38.89029739
CM0006,Catharsius_molossus,Elephant,0,LiqN,Gut,0.333347176,40.96196758
CM0007,Catharsius_molossus,Elephant,0,LiqN,Gut,1.948066336,40.66797431
CM0008,Catharsius_molossus,Elephant,0,LiqN,Gut,0.833031516,43.45542534
CM0009,Catharsius_molossus,Elephant,0,LiqN,Gut,0.156567916,42.18444649
CM0010,Catharsius_molossus,Elephant,0,LiqN,Gut,1.869654326,38.19867266
CM0011,Catharsius_molossus,Elephant,30,LiqN,Gut,0.799658883,48.43995585
CM0012,Catharsius_molossus,Elephant,30,LiqN,Gut,1.657018073,46.83840857
CM0013,Catharsius_molossus,Elephant,30,LiqN,Gut,1.992821238,47.36149581
CM0014,Catharsius_molossus,Elephant,30,LiqN,Gut,0.762144664,48.39369448
CM0015,Catharsius_molossus,Elephant,30,LiqN,Gut,1.829461206,46.12256126
CM0016,Catharsius_molossus,Elephant,30,LiqN,Gut,1.949225944,48.90374192
CM0017,Catharsius_molossus,Elephant,30,LiqN,Gut,1.704783176,45.81348077
CM0018,Catharsius_molossus,Elephant,30,LiqN,Gut,1.486018333,47.35379161
CM0019,Catharsius_molossus,Elephant,30,LiqN,Gut,1.711458022,46.69725209
CM0020,Catharsius_molossus,Elephant,30,LiqN,Gut,1.131048411,45.45114825
CM0021,Catharsius_molossus,Elephant,60,LiqN,Gut,0.680031875,40.64093144
CM0022,Catharsius_molossus,Elephant,60,LiqN,Gut,1.719551099,47.9456441
CM0023,Catharsius_molossus,Elephant,60,LiqN,Gut,0.253541679,44.51283833
CM0024,Catharsius_molossus,Elephant,60,LiqN,Gut,1.314446325,45.61407481
CM0025,Catharsius_molossus,Elephant,60,LiqN,Gut,0.944306733,41.30211871
CM0026,Catharsius_molossus,Elephant,60,LiqN,Gut,0.703485477,45.14231011
CM0027,Catharsius_molossus,Elephant,60,LiqN,Gut,1.996209322,44.1810842
CM0028,Catharsius_molossus,Elephant,60,LiqN,Gut,0.6673936,43.83495603
CM0029,Catharsius_molossus,Elephant,60,LiqN,Gut,1.966658123,46.00370904
CM0030,Catharsius_molossus,Elephant,60,LiqN,Gut,0.85519912,44.28853521
CM0031,Catharsius_molossus,Elephant,120,LiqN,Gut,1.153635066,38.08502457
CM0032,Catharsius_molossus,Elephant,120,LiqN,Gut,0.202793145,36.09039979
CM0033,Catharsius_molossus,Elephant,120,LiqN,Gut,0.907761552,36.71081372
CM0034,Catharsius_molossus,Elephant,120,LiqN,Gut,0.917400873,30.37907804
CM0035,Catharsius_molossus,Elephant,120,LiqN,Gut,1.889576606,31.32623357
CM0036,Catharsius_molossus,Elephant,120,LiqN,Gut,0.002303125,33.57061639
CM0037,Catharsius_molossus,Elephant,120,LiqN,Gut,0.126298915,38.79203326
CM0038,Catharsius_molossus,Elephant,120,LiqN,Gut,1.825264603,38.51303201
CM0039,Catharsius_molossus,Elephant,120,LiqN,Gut,0.40427627,38.98841884
CM0040,Catharsius_molossus,Elephant,120,LiqN,Gut,0.383728233,41.9689807
CM0041,Catharsius_molossus,Elephant,180,LiqN,Gut,0.542209235,20.87546949
CM0042,Catharsius_molossus,Elephant,180,LiqN,Gut,1.484277823,20.30546392
CM0043,Catharsius_molossus,Elephant,180,LiqN,Gut,0.825285442,23.57820755
CM0044,Catharsius_molossus,Elephant,180,LiqN,Gut,0.278370999,20.18791466
CM0045,Catharsius_molossus,Elephant,180,LiqN,Gut,1.993575015,24.50788617
CM0046,Catharsius_molossus,Elephant,180,LiqN,Gut,1.472866354,21.5062484
CM0047,Catharsius_molossus,Elephant,180,LiqN,Gut,1.605417475,23.56870322
CM0048,Catharsius_molossus,Elephant,180,LiqN,Gut,1.028557379,21.02305043
CM0049,Catharsius_molossus,Elephant,180,LiqN,Gut,1.039854232,20.67425171
CM0050,Catharsius_molossus,Elephant,180,LiqN,Gut,1.985052936,23.52495354
CM0051,Catharsius_molossus,Elephant,360,LiqN,Gut,0.364923373,17.07298975
CM0052,Catharsius_molossus,Elephant,360,LiqN,Gut,0.176986842,18.72779912
CM0053,Catharsius_molossus,Elephant,360,LiqN,Gut,0.945738612,14.9213387
CM0054,Catharsius_molossus,Elephant,360,LiqN,Gut,0.800380362,17.77650421
CM0055,Catharsius_molossus,Elephant,360,LiqN,Gut,1.470371473,10.60562792
CM0056,Catharsius_molossus,Elephant,360,LiqN,Gut,1.643272577,10.66770409
CM0057,Catharsius_molossus,Elephant,360,LiqN,Gut,1.402918953,19.91726551
CM0058,Catharsius_molossus,Elephant,360,LiqN,Gut,0.568610474,13.1397929
CM0059,Catharsius_molossus,Elephant,360,LiqN,Gut,0.494995001,15.0463267
CM0060,Catharsius_molossus,Elephant,360,LiqN,Gut,1.921962077,15.5196058
CM0061,Catharsius_molossus,Elephant,600,LiqN,Gut,0.543400804,14.37867873
CM0062,Catharsius_molossus,Elephant,600,LiqN,Gut,0.645267244,14.17446575
CM0063,Catharsius_molossus,Elephant,600,LiqN,Gut,1.671574241,12.34326073
CM0064,Catharsius_molossus,Elephant,600,LiqN,Gut,0.690553013,10.935591
CM0065,Catharsius_molossus,Elephant,600,LiqN,Gut,1.75369009,13.31852066
CM0066,Catharsius_molossus,Elephant,600,LiqN,Gut,1.642375178,14.56421526
CM0067,Catharsius_molossus,Elephant,600,LiqN,Gut,1.864555228,14.34627381
CM0068,Catharsius_molossus,Elephant,600,LiqN,Gut,0.739326901,11.41312129
CM0069,Catharsius_molossus,Elephant,600,LiqN,Gut,1.244215013,12.16589133
CM0070,Catharsius_molossus,Elephant,600,LiqN,Gut,1.268168458,14.67274913
CM0071,Catharsius_molossus,Elephant,1440,LiqN,Gut,0.306414265,3.286195276
CM0072,Catharsius_molossus,Elephant,1440,LiqN,Gut,0.630214273,4.72606978
CM0073,Catharsius_molossus,Elephant,1440,LiqN,Gut,1.719913748,2.965316165
CM0074,Catharsius_molossus,Elephant,1440,LiqN,Gut,1.495137151,4.786276032
CM0075,Catharsius_molossus,Elephant,1440,LiqN,Gut,0.98911507,3.128705474
CM0076,Catharsius_molossus,Elephant,1440,LiqN,Gut,1.70253915,4.695718456
CM0077,Catharsius_molossus,Elephant,1440,LiqN,Gut,1.642362834,2.028407684
CM0078,Catharsius_molossus,Elephant,1440,LiqN,Gut,0.918088687,4.811493054
CM0079,Catharsius_molossus,Elephant,1440,LiqN,Gut,0.6631298,4.516110598
CM0080,Catharsius_molossus,Elephant,1440,LiqN,Gut,0.6789133,1.236910932
CM0081,Catharsius_molossus,Elephant,0,Ethanol,Gut,1.596722608,30.86830992
CM0082,Catharsius_molossus,Elephant,0,Ethanol,Gut,1.993860257,33.71267445
CM0083,Catharsius_molossus,Elephant,0,Ethanol,Gut,1.739474375,33.37788324
CM0084,Catharsius_molossus,Elephant,0,Ethanol,Gut,0.538910668,29.37719287
CM0085,Catharsius_molossus,Elephant,0,Ethanol,Gut,1.803494613,26.82698772
CM0086,Catharsius_molossus,Elephant,0,Ethanol,Gut,1.20065139,26.49080346
CM0087,Catharsius_molossus,Elephant,0,Ethanol,Gut,0.981040198,26.48013099
CM0088,Catharsius_molossus,Elephant,0,Ethanol,Gut,1.663667066,35.43251275
CM0089,Catharsius_molossus,Elephant,0,Ethanol,Gut,0.239270497,26.51295535
CM0090,Catharsius_molossus,Elephant,0,Ethanol,Gut,0.166914044,27.96025017
CM0091,Catharsius_molossus,Elephant,30,Ethanol,Gut,1.232321662,43.77273752
CM0092,Catharsius_molossus,Elephant,30,Ethanol,Gut,0.691292129,42.69715421
CM0093,Catharsius_molossus,Elephant,30,Ethanol,Gut,0.39501913,43.75764213
CM0094,Catharsius_molossus,Elephant,30,Ethanol,Gut,1.959819006,41.84969241
CM0095,Catharsius_molossus,Elephant,30,Ethanol,Gut,0.503289386,40.35088875
CM0096,Catharsius_molossus,Elephant,30,Ethanol,Gut,1.543071753,41.52200601
CM0097,Catharsius_molossus,Elephant,30,Ethanol,Gut,0.105224484,43.58100434
CM0098,Catharsius_molossus,Elephant,30,Ethanol,Gut,1.101983417,42.08115424
CM0099,Catharsius_molossus,Elephant,30,Ethanol,Gut,0.573161433,40.44663629
CM0100,Catharsius_molossus,Elephant,30,Ethanol,Gut,0.30613647,41.35057744
CM0101,Catharsius_molossus,Elephant,60,Ethanol,Gut,1.680953336,43.59888708
CM0102,Catharsius_molossus,Elephant,60,Ethanol,Gut,1.498228587,44.21001194
CM0103,Catharsius_molossus,Elephant,60,Ethanol,Gut,1.868680668,35.06684803
CM0104,Catharsius_molossus,Elephant,60,Ethanol,Gut,1.693075211,37.11971735
CM0105,Catharsius_molossus,Elephant,60,Ethanol,Gut,0.112063636,37.71260387
CM0106,Catharsius_molossus,Elephant,60,Ethanol,Gut,0.42291333,35.2128781
CM0107,Catharsius_molossus,Elephant,60,Ethanol,Gut,0.817037654,36.33031334
CM0108,Catharsius_molossus,Elephant,60,Ethanol,Gut,0.915271028,36.15359076
CM0109,Catharsius_molossus,Elephant,60,Ethanol,Gut,1.911589891,43.70766079
CM0110,Catharsius_molossus,Elephant,60,Ethanol,Gut,1.374399439,44.35268429
CM0111,Catharsius_molossus,Elephant,120,Ethanol,Gut,0.979485988,29.26704207
CM0112,Catharsius_molossus,Elephant,120,Ethanol,Gut,0.739344929,32.85946331
CM0113,Catharsius_molossus,Elephant,120,Ethanol,Gut,1.972500505,34.67166125
CM0114,Catharsius_molossus,Elephant,120,Ethanol,Gut,1.459989699,25.35222304
CM0115,Catharsius_molossus,Elephant,120,Ethanol,Gut,0.859052567,25.2068697
CM0116,Catharsius_molossus,Elephant,120,Ethanol,Gut,0.130468136,26.831198
CM0117,Catharsius_molossus,Elephant,120,Ethanol,Gut,1.624415498,33.34145735
CM0118,Catharsius_molossus,Elephant,120,Ethanol,Gut,0.025150885,29.23177594
CM0119,Catharsius_molossus,Elephant,120,Ethanol,Gut,1.463700563,39.44912908
CM0120,Catharsius_molossus,Elephant,120,Ethanol,Gut,1.045975483,34.29972822
CM0121,Catharsius_molossus,Elephant,180,Ethanol,Gut,0.835364221,17.09705303
CM0122,Catharsius_molossus,Elephant,180,Ethanol,Gut,0.334029324,16.43041439
CM0123,Catharsius_molossus,Elephant,180,Ethanol,Gut,1.570321382,15.58798093
CM0124,Catharsius_molossus,Elephant,180,Ethanol,Gut,0.742268497,16.13475375
CM0125,Catharsius_molossus,Elephant,180,Ethanol,Gut,1.898589612,16.67434243
CM0126,Catharsius_molossus,Elephant,180,Ethanol,Gut,0.39892152,16.86572966
CM0127,Catharsius_molossus,Elephant,180,Ethanol,Gut,0.821974543,18.85373427
CM0128,Catharsius_molossus,Elephant,180,Ethanol,Gut,0.066013751,18.06545807
CM0129,Catharsius_molossus,Elephant,180,Ethanol,Gut,1.731415431,19.11630077
CM0130,Catharsius_molossus,Elephant,180,Ethanol,Gut,1.235251563,18.09812237
CM0131,Catharsius_molossus,Elephant,360,Ethanol,Gut,1.736959902,19.66581592
CM0132,Catharsius_molossus,Elephant,360,Ethanol,Gut,1.57761535,13.66451325
CM0133,Catharsius_molossus,Elephant,360,Ethanol,Gut,1.341490978,15.86204266
CM0134,Catharsius_molossus,Elephant,360,Ethanol,Gut,1.663428645,14.98151375
CM0135,Catharsius_molossus,Elephant,360,Ethanol,Gut,1.778942437,14.42626638
CM0136,Catharsius_molossus,Elephant,360,Ethanol,Gut,1.916267159,14.88620322
CM0137,Catharsius_molossus,Elephant,360,Ethanol,Gut,1.177149171,17.76021312
CM0138,Catharsius_molossus,Elephant,360,Ethanol,Gut,0.24130726,19.66525418
CM0139,Catharsius_molossus,Elephant,360,Ethanol,Gut,1.386414332,17.16361293
CM0140,Catharsius_molossus,Elephant,360,Ethanol,Gut,1.518268523,16.76503737
CM0141,Catharsius_molossus,Elephant,600,Ethanol,Gut,0.456358925,13.080779
CM0142,Catharsius_molossus,Elephant,600,Ethanol,Gut,1.480677608,12.38197027
CM0143,Catharsius_molossus,Elephant,600,Ethanol,Gut,1.581625331,11.55332565
CM0144,Catharsius_molossus,Elephant,600,Ethanol,Gut,1.020688546,10.52873896
CM0145,Catharsius_molossus,Elephant,600,Ethanol,Gut,1.28380706,11.04788319
CM0146,Catharsius_molossus,Elephant,600,Ethanol,Gut,0.76617961,13.89453275
CM0147,Catharsius_molossus,Elephant,600,Ethanol,Gut,0.745315487,14.65616784
CM0148,Catharsius_molossus,Elephant,600,Ethanol,Gut,0.660102062,10.14200162
CM0149,Catharsius_molossus,Elephant,600,Ethanol,Gut,1.927491312,11.96851394
CM0150,Catharsius_molossus,Elephant,600,Ethanol,Gut,1.38180049,11.77190112
CM0151,Catharsius_molossus,Elephant,1440,Ethanol,Gut,0.920565589,3.454104435
CM0152,Catharsius_molossus,Elephant,1440,Ethanol,Gut,1.075581494,1.720700404
CM0153,Catharsius_molossus,Elephant,1440,Ethanol,Gut,1.362616688,2.268304843
CM0154,Catharsius_molossus,Elephant,1440,Ethanol,Gut,0.13838703,4.284736351
CM0155,Catharsius_molossus,Elephant,1440,Ethanol,Gut,1.086574743,1.711968945
CM0156,Catharsius_molossus,Elephant,1440,Ethanol,Gut,0.590217252,2.481958455
CM0157,Catharsius_molossus,Elephant,1440,Ethanol,Gut,1.805719288,1.478518609
CM0158,Catharsius_molossus,Elephant,1440,Ethanol,Gut,0.760998653,4.818962526
CM0159,Catharsius_molossus,Elephant,1440,Ethanol,Gut,0.556863255,4.858622309
CM0160,Catharsius_molossus,Elephant,1440,Ethanol,Gut,0.638635364,4.065190758
CM0161,Catharsius_molossus,Tiger,0,LiqN,Gut,1.460507355,32.68246013
CM0162,Catharsius_molossus,Tiger,0,LiqN,Gut,1.62390326,44.71768069
CM0163,Catharsius_molossus,Tiger,0,LiqN,Gut,0.921672023,31.37466503
CM0164,Catharsius_molossus,Tiger,0,LiqN,Gut,0.840569852,38.69818648
CM0165,Catharsius_molossus,Tiger,0,LiqN,Gut,1.1754134,40.72767631
CM0166,Catharsius_molossus,Tiger,0,LiqN,Gut,0.962731804,34.41649407
CM0167,Catharsius_molossus,Tiger,0,LiqN,Gut,1.30890066,41.07876924
CM0168,Catharsius_molossus,Tiger,0,LiqN,Gut,1.291603606,44.79082496
CM0169,Catharsius_molossus,Tiger,0,LiqN,Gut,0.181092448,34.47032732
CM0170,Catharsius_molossus,Tiger,0,LiqN,Gut,1.93638659,32.38622266
CM0171,Catharsius_molossus,Tiger,30,LiqN,Gut,1.393804269,46.16753351
CM0172,Catharsius_molossus,Tiger,30,LiqN,Gut,0.155410634,49.70010733
CM0173,Catharsius_molossus,Tiger,30,LiqN,Gut,1.696807717,46.11796641
CM0174,Catharsius_molossus,Tiger,30,LiqN,Gut,0.214133758,49.87919248
CM0175,Catharsius_molossus,Tiger,30,LiqN,Gut,0.596699364,47.76457916
CM0176,Catharsius_molossus,Tiger,30,LiqN,Gut,1.146143831,47.51828545
CM0177,Catharsius_molossus,Tiger,30,LiqN,Gut,0.638477878,49.90132173
CM0178,Catharsius_molossus,Tiger,30,LiqN,Gut,0.922776145,47.7379492
CM0179,Catharsius_molossus,Tiger,30,LiqN,Gut,1.130154269,48.15684625
CM0180,Catharsius_molossus,Tiger,30,LiqN,Gut,1.201549819,45.88039262
CM0181,Catharsius_molossus,Tiger,60,LiqN,Gut,0.749762337,49.52831105
CM0182,Catharsius_molossus,Tiger,60,LiqN,Gut,1.925299484,48.36471967
CM0183,Catharsius_molossus,Tiger,60,LiqN,Gut,0.660739231,49.38780741
CM0184,Catharsius_molossus,Tiger,60,LiqN,Gut,1.760510196,48.05188732
CM0185,Catharsius_molossus,Tiger,60,LiqN,Gut,0.256243066,49.77016622
CM0186,Catharsius_molossus,Tiger,60,LiqN,Gut,0.860679491,42.33225898
CM0187,Catharsius_molossus,Tiger,60,LiqN,Gut,1.046995594,40.90231492
CM0188,Catharsius_molossus,Tiger,60,LiqN,Gut,0.081294925,47.68738538
CM0189,Catharsius_molossus,Tiger,60,LiqN,Gut,0.316652869,44.14403391
CM0190,Catharsius_molossus,Tiger,60,LiqN,Gut,1.850824835,47.16266284
CM0191,Catharsius_molossus,Tiger,120,LiqN,Gut,0.906469406,34.42100563
CM0192,Catharsius_molossus,Tiger,120,LiqN,Gut,1.177170879,36.89969454
CM0193,Catharsius_molossus,Tiger,120,LiqN,Gut,0.46039913,36.67364613
CM0194,Catharsius_molossus,Tiger,120,LiqN,Gut,1.725736279,35.55159622
CM0195,Catharsius_molossus,Tiger,120,LiqN,Gut,1.324899397,37.02648909
CM0196,Catharsius_molossus,Tiger,120,LiqN,Gut,1.263710847,31.67539889
CM0197,Catharsius_molossus,Tiger,120,LiqN,Gut,0.343613851,38.51109843
CM0198,Catharsius_molossus,Tiger,120,LiqN,Gut,1.749392091,40.20630384
CM0199,Catharsius_molossus,Tiger,120,LiqN,Gut,0.207649226,32.5506896
CM0200,Catharsius_molossus,Tiger,120,LiqN,Gut,0.093326789,36.44703257
CM0201,Catharsius_molossus,Tiger,180,LiqN,Gut,1.910309547,24.49058527
CM0202,Catharsius_molossus,Tiger,180,LiqN,Gut,0.019125282,21.98878917
CM0203,Catharsius_molossus,Tiger,180,LiqN,Gut,0.67344675,20.08334498
CM0204,Catharsius_molossus,Tiger,180,LiqN,Gut,1.93117565,20.1940619
CM0205,Catharsius_molossus,Tiger,180,LiqN,Gut,0.910554218,21.96204669
CM0206,Catharsius_molossus,Tiger,180,LiqN,Gut,1.346079087,20.62387397
CM0207,Catharsius_molossus,Tiger,180,LiqN,Gut,1.384167274,24.51970592
CM0208,Catharsius_molossus,Tiger,180,LiqN,Gut,1.306935673,24.41265152
CM0209,Catharsius_molossus,Tiger,180,LiqN,Gut,0.137102896,23.52580032
CM0210,Catharsius_molossus,Tiger,180,LiqN,Gut,1.00924711,21.23247912
CM0211,Catharsius_molossus,Tiger,360,LiqN,Gut,1.463605165,18.95175926
CM0212,Catharsius_molossus,Tiger,360,LiqN,Gut,0.457016604,14.85705583
CM0213,Catharsius_molossus,Tiger,360,LiqN,Gut,0.922069328,14.41712853
CM0214,Catharsius_molossus,Tiger,360,LiqN,Gut,1.65109609,16.31896661
CM0215,Catharsius_molossus,Tiger,360,LiqN,Gut,1.099332345,15.93151628
CM0216,Catharsius_molossus,Tiger,360,LiqN,Gut,1.367562157,12.44731076
CM0217,Catharsius_molossus,Tiger,360,LiqN,Gut,1.920134707,15.44572713
CM0218,Catharsius_molossus,Tiger,360,LiqN,Gut,1.930973545,11.52759111
CM0219,Catharsius_molossus,Tiger,360,LiqN,Gut,0.950679469,10.87340813
CM0220,Catharsius_molossus,Tiger,360,LiqN,Gut,1.917236265,17.75196497
CM0221,Catharsius_molossus,Tiger,600,LiqN,Gut,1.71408075,13.67003476
CM0222,Catharsius_molossus,Tiger,600,LiqN,Gut,0.389962247,14.23740434
CM0223,Catharsius_molossus,Tiger,600,LiqN,Gut,0.686555997,12.37331043
CM0224,Catharsius_molossus,Tiger,600,LiqN,Gut,0.197621001,11.98065082
CM0225,Catharsius_molossus,Tiger,600,LiqN,Gut,0.182393704,14.65455656
CM0226,Catharsius_molossus,Tiger,600,LiqN,Gut,1.762748646,12.06273155
CM0227,Catharsius_molossus,Tiger,600,LiqN,Gut,1.948097876,14.58174452
CM0228,Catharsius_molossus,Tiger,600,LiqN,Gut,1.956618756,10.24716068
CM0229,Catharsius_molossus,Tiger,600,LiqN,Gut,1.725008659,14.97707308
CM0230,Catharsius_molossus,Tiger,600,LiqN,Gut,0.681835714,13.74862734
CM0231,Catharsius_molossus,Tiger,1440,LiqN,Gut,0.160206685,1.463932622
CM0232,Catharsius_molossus,Tiger,1440,LiqN,Gut,1.169630901,1.110084636
CM0233,Catharsius_molossus,Tiger,1440,LiqN,Gut,0.976063987,4.253945514
CM0234,Catharsius_molossus,Tiger,1440,LiqN,Gut,0.256879544,3.47394031
CM0235,Catharsius_molossus,Tiger,1440,LiqN,Gut,1.726099212,4.744796748
CM0236,Catharsius_molossus,Tiger,1440,LiqN,Gut,1.167837545,4.027934048
CM0237,Catharsius_molossus,Tiger,1440,LiqN,Gut,1.583206284,4.792548724
CM0238,Catharsius_molossus,Tiger,1440,LiqN,Gut,0.334175075,3.556117275
CM0239,Catharsius_molossus,Tiger,1440,LiqN,Gut,1.486400995,2.87909588
CM0240,Catharsius_molossus,Tiger,1440,LiqN,Gut,0.025191004,1.556320301
CM0241,Catharsius_molossus,Tiger,0,Ethanol,Gut,0.861541784,36.00820924
CM0242,Catharsius_molossus,Tiger,0,Ethanol,Gut,1.991052135,33.00281357
CM0243,Catharsius_molossus,Tiger,0,Ethanol,Gut,1.987770391,35.83832047
CM0244,Catharsius_molossus,Tiger,0,Ethanol,Gut,0.299028961,34.74352106
CM0245,Catharsius_molossus,Tiger,0,Ethanol,Gut,0.309757754,36.0576898
CM0246,Catharsius_molossus,Tiger,0,Ethanol,Gut,1.425598118,29.47088524
CM0247,Catharsius_molossus,Tiger,0,Ethanol,Gut,0.145148563,26.93205031
CM0248,Catharsius_molossus,Tiger,0,Ethanol,Gut,1.011451543,38.76381465
CM0249,Catharsius_molossus,Tiger,0,Ethanol,Gut,0.005897459,32.04328884
CM0250,Catharsius_molossus,Tiger,0,Ethanol,Gut,1.136556607,31.10341841
CM0251,Catharsius_molossus,Tiger,30,Ethanol,Gut,0.436802992,40.21767576
CM0252,Catharsius_molossus,Tiger,30,Ethanol,Gut,1.643848547,43.68172217
CM0253,Catharsius_molossus,Tiger,30,Ethanol,Gut,0.064754574,44.73260739
CM0254,Catharsius_molossus,Tiger,30,Ethanol,Gut,1.304402782,43.95868771
CM0255,Catharsius_molossus,Tiger,30,Ethanol,Gut,1.03413363,43.27477331
CM0256,Catharsius_molossus,Tiger,30,Ethanol,Gut,1.264127563,41.14678049
CM0257,Catharsius_molossus,Tiger,30,Ethanol,Gut,1.984980162,41.10600151
CM0258,Catharsius_molossus,Tiger,30,Ethanol,Gut,1.197725827,40.93028097
CM0259,Catharsius_molossus,Tiger,30,Ethanol,Gut,0.548124482,41.69856758
CM0260,Catharsius_molossus,Tiger,30,Ethanol,Gut,0.908180283,44.53480984
CM0261,Catharsius_molossus,Tiger,60,Ethanol,Gut,0.414766859,41.69285317
CM0262,Catharsius_molossus,Tiger,60,Ethanol,Gut,1.251155167,42.70563421
CM0263,Catharsius_molossus,Tiger,60,Ethanol,Gut,0.49646293,44.58510753
CM0264,Catharsius_molossus,Tiger,60,Ethanol,Gut,1.836137243,43.66759789
CM0265,Catharsius_molossus,Tiger,60,Ethanol,Gut,0.67116059,36.52653354
CM0266,Catharsius_molossus,Tiger,60,Ethanol,Gut,0.41916411,38.66022032
CM0267,Catharsius_molossus,Tiger,60,Ethanol,Gut,1.379063435,42.51167798
CM0268,Catharsius_molossus,Tiger,60,Ethanol,Gut,1.903530859,41.52226785
CM0269,Catharsius_molossus,Tiger,60,Ethanol,Gut,0.103413762,40.07151941
CM0270,Catharsius_molossus,Tiger,60,Ethanol,Gut,1.638726046,35.13165657
CM0271,Catharsius_molossus,Tiger,120,Ethanol,Gut,0.039749653,26.77680352
CM0272,Catharsius_molossus,Tiger,120,Ethanol,Gut,1.634915911,39.17630586
CM0273,Catharsius_molossus,Tiger,120,Ethanol,Gut,1.752522697,29.38417283
CM0274,Catharsius_molossus,Tiger,120,Ethanol,Gut,1.190657571,34.23229432
CM0275,Catharsius_molossus,Tiger,120,Ethanol,Gut,0.70761204,31.04157839
CM0276,Catharsius_molossus,Tiger,120,Ethanol,Gut,0.419041709,37.7099668
CM0277,Catharsius_molossus,Tiger,120,Ethanol,Gut,1.942317462,27.993145
CM0278,Catharsius_molossus,Tiger,120,Ethanol,Gut,0.994098425,27.80040187
CM0279,Catharsius_molossus,Tiger,120,Ethanol,Gut,1.9257598,36.39299103
CM0280,Catharsius_molossus,Tiger,120,Ethanol,Gut,1.34271949,26.46354497
CM0281,Catharsius_molossus,Tiger,180,Ethanol,Gut,0.741657877,17.9534699
CM0282,Catharsius_molossus,Tiger,180,Ethanol,Gut,1.326660025,17.66610929
CM0283,Catharsius_molossus,Tiger,180,Ethanol,Gut,0.889703175,16.38569634
CM0284,Catharsius_molossus,Tiger,180,Ethanol,Gut,0.725244514,19.48208701
CM0285,Catharsius_molossus,Tiger,180,Ethanol,Gut,1.621993409,16.38251913
CM0286,Catharsius_molossus,Tiger,180,Ethanol,Gut,1.37074238,15.68455231
CM0287,Catharsius_molossus,Tiger,180,Ethanol,Gut,0.803424237,18.76338508
CM0288,Catharsius_molossus,Tiger,180,Ethanol,Gut,1.268140461,17.75147721
CM0289,Catharsius_molossus,Tiger,180,Ethanol,Gut,1.378823323,17.21432788
CM0290,Catharsius_molossus,Tiger,180,Ethanol,Gut,1.612275658,18.95875826
CM0291,Catharsius_molossus,Tiger,360,Ethanol,Gut,0.700444839,18.51748771
CM0292,Catharsius_molossus,Tiger,360,Ethanol,Gut,1.759309969,19.99111125
CM0293,Catharsius_molossus,Tiger,360,Ethanol,Gut,1.535238545,13.4914505
CM0294,Catharsius_molossus,Tiger,360,Ethanol,Gut,1.839694199,18.44721893
CM0295,Catharsius_molossus,Tiger,360,Ethanol,Gut,1.961575108,14.27375953
CM0296,Catharsius_molossus,Tiger,360,Ethanol,Gut,1.832857696,17.15238063
CM0297,Catharsius_molossus,Tiger,360,Ethanol,Gut,0.486259415,17.58459841
CM0298,Catharsius_molossus,Tiger,360,Ethanol,Gut,0.034649685,13.88457121
CM0299,Catharsius_molossus,Tiger,360,Ethanol,Gut,0.393743199,11.33549785
CM0300,Catharsius_molossus,Tiger,360,Ethanol,Gut,0.005146464,10.16887789
CM0301,Catharsius_molossus,Tiger,600,Ethanol,Gut,0.544994183,12.1477371
CM0302,Catharsius_molossus,Tiger,600,Ethanol,Gut,1.696882199,11.90981058
CM0303,Catharsius_molossus,Tiger,600,Ethanol,Gut,1.318807632,11.35823158
CM0304,Catharsius_molossus,Tiger,600,Ethanol,Gut,1.188227644,14.27039705
CM0305,Catharsius_molossus,Tiger,600,Ethanol,Gut,1.338100348,11.84083637
CM0306,Catharsius_molossus,Tiger,600,Ethanol,Gut,0.389147287,14.84778087
CM0307,Catharsius_molossus,Tiger,600,Ethanol,Gut,1.845998748,13.23970327
CM0308,Catharsius_molossus,Tiger,600,Ethanol,Gut,0.604483662,12.08230019
CM0309,Catharsius_molossus,Tiger,600,Ethanol,Gut,0.270301334,12.02520762
CM0310,Catharsius_molossus,Tiger,600,Ethanol,Gut,0.607535484,14.92058197
CM0311,Catharsius_molossus,Tiger,1440,Ethanol,Gut,1.567395601,3.697066444
CM0312,Catharsius_molossus,Tiger,1440,Ethanol,Gut,1.425588713,4.531616585
CM0313,Catharsius_molossus,Tiger,1440,Ethanol,Gut,0.837607447,4.689371036
CM0314,Catharsius_molossus,Tiger,1440,Ethanol,Gut,0.706602174,4.002136443
CM0315,Catharsius_molossus,Tiger,1440,Ethanol,Gut,0.15623324,2.74109593
CM0316,Catharsius_molossus,Tiger,1440,Ethanol,Gut,1.823825155,3.495612456
CM0317,Catharsius_molossus,Tiger,1440,Ethanol,Gut,1.30956944,4.103045131
CM0318,Catharsius_molossus,Tiger,1440,Ethanol,Gut,1.456143898,4.04081138
CM0319,Catharsius_molossus,Tiger,1440,Ethanol,Gut,1.857770443,1.511181595
CM0320,Catharsius_molossus,Tiger,1440,Ethanol,Gut,1.419068496,3.462553124
OB0001,Onthophagus_babirussa,Elephant,0,LiqN,Gut,0.465550259,37.37326842
OB0002,Onthophagus_babirussa,Elephant,0,LiqN,Gut,0.837834874,30.82787624
OB0003,Onthophagus_babirussa,Elephant,0,LiqN,Gut,0.601612022,40.35135087
OB0004,Onthophagus_babirussa,Elephant,0,LiqN,Gut,0.849335722,42.49402355
OB0005,Onthophagus_babirussa,Elephant,0,LiqN,Gut,0.606303322,33.93489169
OB0006,Onthophagus_babirussa,Elephant,0,LiqN,Gut,1.001909367,31.67942505
OB0007,Onthophagus_babirussa,Elephant,0,LiqN,Gut,1.742231786,36.96267167
OB0008,Onthophagus_babirussa,Elephant,0,LiqN,Gut,1.324423369,42.09237551
OB0009,Onthophagus_babirussa,Elephant,0,LiqN,Gut,1.208247507,34.8276723
OB0010,Onthophagus_babirussa,Elephant,0,LiqN,Gut,1.543070717,37.81431021
OB0011,Onthophagus_babirussa,Elephant,30,LiqN,Gut,1.482617244,49.82913504
OB0012,Onthophagus_babirussa,Elephant,30,LiqN,Gut,0.347576099,46.58818463
OB0013,Onthophagus_babirussa,Elephant,30,LiqN,Gut,1.661237126,45.63247915
OB0014,Onthophagus_babirussa,Elephant,30,LiqN,Gut,1.247964551,46.37243276
OB0015,Onthophagus_babirussa,Elephant,30,LiqN,Gut,0.344239113,47.98375468
OB0016,Onthophagus_babirussa,Elephant,30,LiqN,Gut,0.614067868,46.35838372
OB0017,Onthophagus_babirussa,Elephant,30,LiqN,Gut,1.341109861,49.38744053
OB0018,Onthophagus_babirussa,Elephant,30,LiqN,Gut,1.859470313,46.51312117
OB0019,Onthophagus_babirussa,Elephant,30,LiqN,Gut,1.252296987,49.78905075
OB0020,Onthophagus_babirussa,Elephant,30,LiqN,Gut,1.859557958,49.2888048
OB0021,Onthophagus_babirussa,Elephant,60,LiqN,Gut,0.604154807,42.23578349
OB0022,Onthophagus_babirussa,Elephant,60,LiqN,Gut,0.213766352,48.88280472
OB0023,Onthophagus_babirussa,Elephant,60,LiqN,Gut,0.347516833,47.38978773
OB0024,Onthophagus_babirussa,Elephant,60,LiqN,Gut,1.124422321,40.50239059
OB0025,Onthophagus_babirussa,Elephant,60,LiqN,Gut,0.560698849,44.83446925
OB0026,Onthophagus_babirussa,Elephant,60,LiqN,Gut,0.537559918,46.46627282
OB0027,Onthophagus_babirussa,Elephant,60,LiqN,Gut,1.448337214,41.72625868
OB0028,Onthophagus_babirussa,Elephant,60,LiqN,Gut,1.825223139,41.20655993
OB0029,Onthophagus_babirussa,Elephant,60,LiqN,Gut,1.38103233,48.49931339
OB0030,Onthophagus_babirussa,Elephant,60,LiqN,Gut,1.300771624,44.24078696
OB0031,Onthophagus_babirussa,Elephant,120,LiqN,Gut,1.480469533,19.42907445
OB0032,Onthophagus_babirussa,Elephant,120,LiqN,Gut,0.296873497,12.63038105
OB0033,Onthophagus_babirussa,Elephant,120,LiqN,Gut,0.655869929,11.80761975
OB0034,Onthophagus_babirussa,Elephant,120,LiqN,Gut,0.138202821,18.89125963
OB0035,Onthophagus_babirussa,Elephant,120,LiqN,Gut,1.312258397,15.03648488
OB0036,Onthophagus_babirussa,Elephant,120,LiqN,Gut,1.667973896,12.97622992
OB0037,Onthophagus_babirussa,Elephant,120,LiqN,Gut,0.340912772,15.73068243
OB0038,Onthophagus_babirussa,Elephant,120,LiqN,Gut,1.40348996,15.67479618
OB0039,Onthophagus_babirussa,Elephant,120,LiqN,Gut,1.010582939,17.63119149
OB0040,Onthophagus_babirussa,Elephant,120,LiqN,Gut,0.955708793,14.29359001
OB0041,Onthophagus_babirussa,Elephant,180,LiqN,Gut,0.950312862,19.63190545
OB0042,Onthophagus_babirussa,Elephant,180,LiqN,Gut,1.660831887,12.04133407
OB0043,Onthophagus_babirussa,Elephant,180,LiqN,Gut,1.146984954,12.02809322
OB0044,Onthophagus_babirussa,Elephant,180,LiqN,Gut,1.967695509,11.94743612
OB0045,Onthophagus_babirussa,Elephant,180,LiqN,Gut,0.063410474,15.07648793
OB0046,Onthophagus_babirussa,Elephant,180,LiqN,Gut,1.84130824,19.53064248
OB0047,Onthophagus_babirussa,Elephant,180,LiqN,Gut,1.647443173,14.24178551
OB0048,Onthophagus_babirussa,Elephant,180,LiqN,Gut,1.863352387,15.42884532
OB0049,Onthophagus_babirussa,Elephant,180,LiqN,Gut,1.119745811,18.21146888
OB0050,Onthophagus_babirussa,Elephant,180,LiqN,Gut,0.060704911,17.10843279
OB0051,Onthophagus_babirussa,Elephant,360,LiqN,Gut,0.518711424,8.904981723
OB0052,Onthophagus_babirussa,Elephant,360,LiqN,Gut,0.649484803,8.814716818
OB0053,Onthophagus_babirussa,Elephant,360,LiqN,Gut,1.884039508,8.921978388
OB0054,Onthophagus_babirussa,Elephant,360,LiqN,Gut,0.418472271,8.875708241
OB0055,Onthophagus_babirussa,Elephant,360,LiqN,Gut,0.146975116,6.438608002
OB0056,Onthophagus_babirussa,Elephant,360,LiqN,Gut,0.689700462,7.684962693
OB0057,Onthophagus_babirussa,Elephant,360,LiqN,Gut,1.452357288,8.333622844
OB0058,Onthophagus_babirussa,Elephant,360,LiqN,Gut,1.135732002,6.57244249
OB0059,Onthophagus_babirussa,Elephant,360,LiqN,Gut,1.955581942,9.981655117
OB0060,Onthophagus_babirussa,Elephant,360,LiqN,Gut,0.429126256,5.248863512
OB0061,Onthophagus_babirussa,Elephant,600,LiqN,Gut,0.473407754,1.857668422
OB0062,Onthophagus_babirussa,Elephant,600,LiqN,Gut,1.821111449,3.065014181
OB0063,Onthophagus_babirussa,Elephant,600,LiqN,Gut,0.030199675,3.151157032
OB0064,Onthophagus_babirussa,Elephant,600,LiqN,Gut,1.028808005,4.868603541
OB0065,Onthophagus_babirussa,Elephant,600,LiqN,Gut,1.853023178,3.139911683
OB0066,Onthophagus_babirussa,Elephant,600,LiqN,Gut,1.800086162,4.204971793
OB0067,Onthophagus_babirussa,Elephant,600,LiqN,Gut,0.358210892,1.912218231
OB0068,Onthophagus_babirussa,Elephant,600,LiqN,Gut,0.939451543,3.755151036
OB0069,Onthophagus_babirussa,Elephant,600,LiqN,Gut,1.986161674,2.690686352
OB0070,Onthophagus_babirussa,Elephant,600,LiqN,Gut,1.457338461,4.316048317
OB0071,Onthophagus_babirussa,Elephant,1440,LiqN,Gut,0.147816604,1.426798237
OB0072,Onthophagus_babirussa,Elephant,1440,LiqN,Gut,0.274303271,0.876163862
OB0073,Onthophagus_babirussa,Elephant,1440,LiqN,Gut,0.002641954,1.145530876
OB0074,Onthophagus_babirussa,Elephant,1440,LiqN,Gut,0.939339923,0.953029773
OB0075,Onthophagus_babirussa,Elephant,1440,LiqN,Gut,1.20378163,1.422132316
OB0076,Onthophagus_babirussa,Elephant,1440,LiqN,Gut,0.40236394,0.799011876
OB0077,Onthophagus_babirussa,Elephant,1440,LiqN,Gut,1.270396348,0.230087176
OB0078,Onthophagus_babirussa,Elephant,1440,LiqN,Gut,1.029546539,1.219728614
OB0079,Onthophagus_babirussa,Elephant,1440,LiqN,Gut,0.008084719,1.602746957
OB0080,Onthophagus_babirussa,Elephant,1440,LiqN,Gut,0.049758248,0.006682057
OB0081,Onthophagus_babirussa,Elephant,0,LiqN,Entire,1.728943822,32.20498496
OB0082,Onthophagus_babirussa,Elephant,0,LiqN,Entire,0.900006059,40.4161899
OB0083,Onthophagus_babirussa,Elephant,0,LiqN,Entire,0.989456027,35.22559051
OB0084,Onthophagus_babirussa,Elephant,0,LiqN,Entire,1.804055983,35.27585904
OB0085,Onthophagus_babirussa,Elephant,0,LiqN,Entire,1.144618133,37.85160888
OB0086,Onthophagus_babirussa,Elephant,0,LiqN,Entire,1.221300845,40.89189233
OB0087,Onthophagus_babirussa,Elephant,0,LiqN,Entire,0.277713527,32.22849173
OB0088,Onthophagus_babirussa,Elephant,0,LiqN,Entire,1.192515121,30.69896764
OB0089,Onthophagus_babirussa,Elephant,0,LiqN,Entire,1.901996314,39.83577593
OB0090,Onthophagus_babirussa,Elephant,0,LiqN,Entire,0.029288012,34.47565226
OB0091,Onthophagus_babirussa,Elephant,30,LiqN,Entire,1.083272312,48.42811329
OB0092,Onthophagus_babirussa,Elephant,30,LiqN,Entire,1.838224912,45.79399194
OB0093,Onthophagus_babirussa,Elephant,30,LiqN,Entire,0.684139888,48.94090049
OB0094,Onthophagus_babirussa,Elephant,30,LiqN,Entire,0.336121716,45.45371228
OB0095,Onthophagus_babirussa,Elephant,30,LiqN,Entire,1.704085937,49.80071869
OB0096,Onthophagus_babirussa,Elephant,30,LiqN,Entire,0.150887568,49.93471266
OB0097,Onthophagus_babirussa,Elephant,30,LiqN,Entire,0.282607455,49.18767079
OB0098,Onthophagus_babirussa,Elephant,30,LiqN,Entire,1.577488688,46.24229912
OB0099,Onthophagus_babirussa,Elephant,30,LiqN,Entire,0.633819643,47.44901257
OB0100,Onthophagus_babirussa,Elephant,30,LiqN,Entire,1.183445694,47.55078836
OB0101,Onthophagus_babirussa,Elephant,60,LiqN,Entire,0.204977668,44.25749696
OB0102,Onthophagus_babirussa,Elephant,60,LiqN,Entire,0.269704711,43.08446072
OB0103,Onthophagus_babirussa,Elephant,60,LiqN,Entire,1.214297298,43.89963103
OB0104,Onthophagus_babirussa,Elephant,60,LiqN,Entire,0.599150493,41.3154726
OB0105,Onthophagus_babirussa,Elephant,60,LiqN,Entire,1.815942221,40.89802501
OB0106,Onthophagus_babirussa,Elephant,60,LiqN,Entire,1.065424052,46.0147868
OB0107,Onthophagus_babirussa,Elephant,60,LiqN,Entire,0.722771141,45.77487178
OB0108,Onthophagus_babirussa,Elephant,60,LiqN,Entire,0.175484712,46.64305803
OB0109,Onthophagus_babirussa,Elephant,60,LiqN,Entire,0.664938671,43.75793589
OB0110,Onthophagus_babirussa,Elephant,60,LiqN,Entire,0.181548703,42.42376432
OB0111,Onthophagus_babirussa,Elephant,120,LiqN,Entire,1.352746667,16.20620311
OB0112,Onthophagus_babirussa,Elephant,120,LiqN,Entire,0.628640609,12.45883104
OB0113,Onthophagus_babirussa,Elephant,120,LiqN,Entire,0.755136603,19.00261975
OB0114,Onthophagus_babirussa,Elephant,120,LiqN,Entire,1.104888841,14.55423874
OB0115,Onthophagus_babirussa,Elephant,120,LiqN,Entire,1.119244601,15.96466255
OB0116,Onthophagus_babirussa,Elephant,120,LiqN,Entire,0.385837345,16.4321025
OB0117,Onthophagus_babirussa,Elephant,120,LiqN,Entire,1.497892948,16.47810106
OB0118,Onthophagus_babirussa,Elephant,120,LiqN,Entire,0.330499414,14.85713619
OB0119,Onthophagus_babirussa,Elephant,120,LiqN,Entire,0.924642255,10.16586412
OB0120,Onthophagus_babirussa,Elephant,120,LiqN,Entire,0.497089511,10.72474063
OB0121,Onthophagus_babirussa,Elephant,180,LiqN,Entire,0.998589038,17.31289572
OB0122,Onthophagus_babirussa,Elephant,180,LiqN,Entire,0.337076605,16.50866115
OB0123,Onthophagus_babirussa,Elephant,180,LiqN,Entire,1.471022648,16.63473135
OB0124,Onthophagus_babirussa,Elephant,180,LiqN,Entire,0.108613001,13.7573614
OB0125,Onthophagus_babirussa,Elephant,180,LiqN,Entire,0.167546157,12.03456723
OB0126,Onthophagus_babirussa,Elephant,180,LiqN,Entire,0.460823778,15.88371541
OB0127,Onthophagus_babirussa,Elephant,180,LiqN,Entire,0.48601154,11.44194312
OB0128,Onthophagus_babirussa,Elephant,180,LiqN,Entire,0.342856776,17.69813991
OB0129,Onthophagus_babirussa,Elephant,180,LiqN,Entire,0.769355819,12.10924257
OB0130,Onthophagus_babirussa,Elephant,180,LiqN,Entire,1.786456289,16.4252316
OB0131,Onthophagus_babirussa,Elephant,360,LiqN,Entire,0.390946234,8.385432097
OB0132,Onthophagus_babirussa,Elephant,360,LiqN,Entire,0.910092479,5.532478237
OB0133,Onthophagus_babirussa,Elephant,360,LiqN,Entire,0.521701913,9.389457364
OB0134,Onthophagus_babirussa,Elephant,360,LiqN,Entire,1.990066827,8.476229197
OB0135,Onthophagus_babirussa,Elephant,360,LiqN,Entire,0.5670737,9.412900794
OB0136,Onthophagus_babirussa,Elephant,360,LiqN,Entire,1.976033736,7.66423373
OB0137,Onthophagus_babirussa,Elephant,360,LiqN,Entire,1.547320748,6.857344902
OB0138,Onthophagus_babirussa,Elephant,360,LiqN,Entire,1.529242412,5.034266183
OB0139,Onthophagus_babirussa,Elephant,360,LiqN,Entire,0.029915288,5.996771213
OB0140,Onthophagus_babirussa,Elephant,360,LiqN,Entire,0.935922502,5.420705659
OB0141,Onthophagus_babirussa,Elephant,600,LiqN,Entire,1.617940403,4.875086948
OB0142,Onthophagus_babirussa,Elephant,600,LiqN,Entire,0.718224505,4.046730752
OB0143,Onthophagus_babirussa,Elephant,600,LiqN,Entire,0.002475469,2.354228109
OB0144,Onthophagus_babirussa,Elephant,600,LiqN,Entire,1.701253537,3.667444823
OB0145,Onthophagus_babirussa,Elephant,600,LiqN,Entire,1.654683294,2.304470548
OB0146,Onthophagus_babirussa,Elephant,600,LiqN,Entire,1.092679089,1.491567413
OB0147,Onthophagus_babirussa,Elephant,600,LiqN,Entire,1.192889685,1.407757711
OB0148,Onthophagus_babirussa,Elephant,600,LiqN,Entire,1.831326787,4.128103605
OB0149,Onthophagus_babirussa,Elephant,600,LiqN,Entire,1.694196057,2.902021656
OB0150,Onthophagus_babirussa,Elephant,600,LiqN,Entire,0.30936389,2.925047191
OB0151,Onthophagus_babirussa,Elephant,1440,LiqN,Entire,0.037146273,0.227297898
OB0152,Onthophagus_babirussa,Elephant,1440,LiqN,Entire,0.636769658,1.240404852
OB0153,Onthophagus_babirussa,Elephant,1440,LiqN,Entire,1.563532137,0.337207561
OB0154,Onthophagus_babirussa,Elephant,1440,LiqN,Entire,1.000141207,1.335256091
OB0155,Onthophagus_babirussa,Elephant,1440,LiqN,Entire,1.927832597,1.098809042
OB0156,Onthophagus_babirussa,Elephant,1440,LiqN,Entire,1.345419088,1.787346193
OB0157,Onthophagus_babirussa,Elephant,1440,LiqN,Entire,1.892686049,0.535854705
OB0158,Onthophagus_babirussa,Elephant,1440,LiqN,Entire,1.963294138,0.77697896
OB0159,Onthophagus_babirussa,Elephant,1440,LiqN,Entire,0.291939395,1.037074119
OB0160,Onthophagus_babirussa,Elephant,1440,LiqN,Entire,1.133074413,1.267092858
OB0161,Onthophagus_babirussa,Elephant,0,Ethanol,Gut,1.705012181,30.33871076
OB0162,Onthophagus_babirussa,Elephant,0,Ethanol,Gut,1.797612022,28.03576252
OB0163,Onthophagus_babirussa,Elephant,0,Ethanol,Gut,1.688684389,33.24827291
OB0164,Onthophagus_babirussa,Elephant,0,Ethanol,Gut,1.145708204,38.75511431
OB0165,Onthophagus_babirussa,Elephant,0,Ethanol,Gut,0.461212916,30.07333121
OB0166,Onthophagus_babirussa,Elephant,0,Ethanol,Gut,1.525133845,30.14650164
OB0167,Onthophagus_babirussa,Elephant,0,Ethanol,Gut,1.879025177,27.56842676
OB0168,Onthophagus_babirussa,Elephant,0,Ethanol,Gut,1.534957549,33.77107941
OB0169,Onthophagus_babirussa,Elephant,0,Ethanol,Gut,0.318435422,27.90129105
OB0170,Onthophagus_babirussa,Elephant,0,Ethanol,Gut,1.971209245,28.03754455
OB0171,Onthophagus_babirussa,Elephant,30,Ethanol,Gut,1.175508256,42.92054824
OB0172,Onthophagus_babirussa,Elephant,30,Ethanol,Gut,1.384958614,43.31393482
OB0173,Onthophagus_babirussa,Elephant,30,Ethanol,Gut,1.701756034,40.24025721
OB0174,Onthophagus_babirussa,Elephant,30,Ethanol,Gut,0.64901519,44.05243415
OB0175,Onthophagus_babirussa,Elephant,30,Ethanol,Gut,0.836877697,43.24635554
OB0176,Onthophagus_babirussa,Elephant,30,Ethanol,Gut,1.601529238,41.47658096
OB0177,Onthophagus_babirussa,Elephant,30,Ethanol,Gut,1.04452511,43.61263877
OB0178,Onthophagus_babirussa,Elephant,30,Ethanol,Gut,1.773853763,40.51632388
OB0179,Onthophagus_babirussa,Elephant,30,Ethanol,Gut,0.344030294,40.46041625
OB0180,Onthophagus_babirussa,Elephant,30,Ethanol,Gut,0.050725917,44.0079382
OB0181,Onthophagus_babirussa,Elephant,60,Ethanol,Gut,1.598860369,44.46168726
OB0182,Onthophagus_babirussa,Elephant,60,Ethanol,Gut,1.754229431,44.09569058
OB0183,Onthophagus_babirussa,Elephant,60,Ethanol,Gut,0.275073335,41.20626137
OB0184,Onthophagus_babirussa,Elephant,60,Ethanol,Gut,1.82893424,37.22662589
OB0185,Onthophagus_babirussa,Elephant,60,Ethanol,Gut,0.850924419,44.74944518
OB0186,Onthophagus_babirussa,Elephant,60,Ethanol,Gut,0.983802151,44.35943722
OB0187,Onthophagus_babirussa,Elephant,60,Ethanol,Gut,0.835042726,41.12944278
OB0188,Onthophagus_babirussa,Elephant,60,Ethanol,Gut,0.303304035,40.42995659
OB0189,Onthophagus_babirussa,Elephant,60,Ethanol,Gut,1.93001997,37.66621466
OB0190,Onthophagus_babirussa,Elephant,60,Ethanol,Gut,1.605319349,44.89683442
OB0191,Onthophagus_babirussa,Elephant,120,Ethanol,Gut,0.311944543,10.25794769
OB0192,Onthophagus_babirussa,Elephant,120,Ethanol,Gut,1.80164243,11.70995735
OB0193,Onthophagus_babirussa,Elephant,120,Ethanol,Gut,0.879074615,5.167520937
OB0194,Onthophagus_babirussa,Elephant,120,Ethanol,Gut,0.717139198,14.34048783
OB0195,Onthophagus_babirussa,Elephant,120,Ethanol,Gut,0.742479195,13.5647096
OB0196,Onthophagus_babirussa,Elephant,120,Ethanol,Gut,1.269396036,9.71682538
OB0197,Onthophagus_babirussa,Elephant,120,Ethanol,Gut,1.454234465,12.38502069
OB0198,Onthophagus_babirussa,Elephant,120,Ethanol,Gut,1.066115348,8.285739118
OB0199,Onthophagus_babirussa,Elephant,120,Ethanol,Gut,1.101775225,13.37159091
OB0200,Onthophagus_babirussa,Elephant,120,Ethanol,Gut,1.228538671,11.05781004
OB0201,Onthophagus_babirussa,Elephant,180,Ethanol,Gut,0.099259842,5.934846036
OB0202,Onthophagus_babirussa,Elephant,180,Ethanol,Gut,0.295826313,11.34503746
OB0203,Onthophagus_babirussa,Elephant,180,Ethanol,Gut,0.959436304,8.608055884
OB0204,Onthophagus_babirussa,Elephant,180,Ethanol,Gut,0.515479844,5.301285012
OB0205,Onthophagus_babirussa,Elephant,180,Ethanol,Gut,0.298194052,11.38392935
OB0206,Onthophagus_babirussa,Elephant,180,Ethanol,Gut,1.516681704,13.97609758
OB0207,Onthophagus_babirussa,Elephant,180,Ethanol,Gut,0.44480522,9.377448352
OB0208,Onthophagus_babirussa,Elephant,180,Ethanol,Gut,0.931880166,5.860924754
OB0209,Onthophagus_babirussa,Elephant,180,Ethanol,Gut,0.761683534,14.13258686
OB0210,Onthophagus_babirussa,Elephant,180,Ethanol,Gut,0.374631885,8.747279813
OB0211,Onthophagus_babirussa,Elephant,360,Ethanol,Gut,1.859153462,5.143423208
OB0212,Onthophagus_babirussa,Elephant,360,Ethanol,Gut,0.696194153,7.152343262
OB0213,Onthophagus_babirussa,Elephant,360,Ethanol,Gut,0.177229499,9.347577979
OB0214,Onthophagus_babirussa,Elephant,360,Ethanol,Gut,0.290988987,7.182701461
OB0215,Onthophagus_babirussa,Elephant,360,Ethanol,Gut,1.554981714,5.256539296
OB0216,Onthophagus_babirussa,Elephant,360,Ethanol,Gut,0.470849959,6.661405389
OB0217,Onthophagus_babirussa,Elephant,360,Ethanol,Gut,1.215872966,6.335253354
OB0218,Onthophagus_babirussa,Elephant,360,Ethanol,Gut,0.533318239,7.72658631
OB0219,Onthophagus_babirussa,Elephant,360,Ethanol,Gut,1.014350743,5.802722229
OB0220,Onthophagus_babirussa,Elephant,360,Ethanol,Gut,1.055517593,5.987225258
OB0221,Onthophagus_babirussa,Elephant,600,Ethanol,Gut,0.857123225,3.150841779
OB0222,Onthophagus_babirussa,Elephant,600,Ethanol,Gut,1.217079525,1.685368794
OB0223,Onthophagus_babirussa,Elephant,600,Ethanol,Gut,1.858642838,1.819706927
OB0224,Onthophagus_babirussa,Elephant,600,Ethanol,Gut,0.173742955,4.322023566
OB0225,Onthophagus_babirussa,Elephant,600,Ethanol,Gut,0.416557325,3.756834247
OB0226,Onthophagus_babirussa,Elephant,600,Ethanol,Gut,0.158422289,3.61077301
OB0227,Onthophagus_babirussa,Elephant,600,Ethanol,Gut,0.218168744,4.300858928
OB0228,Onthophagus_babirussa,Elephant,600,Ethanol,Gut,0.97074328,2.164084819
OB0229,Onthophagus_babirussa,Elephant,600,Ethanol,Gut,0.657497375,4.189712829
OB0230,Onthophagus_babirussa,Elephant,600,Ethanol,Gut,0.132599184,4.060311822
OB0231,Onthophagus_babirussa,Elephant,1440,Ethanol,Gut,1.978149822,1.804366336
OB0232,Onthophagus_babirussa,Elephant,1440,Ethanol,Gut,1.161664408,1.389730213
OB0233,Onthophagus_babirussa,Elephant,1440,Ethanol,Gut,0.865660902,0.554986916
OB0234,Onthophagus_babirussa,Elephant,1440,Ethanol,Gut,1.312404076,1.644155916
OB0235,Onthophagus_babirussa,Elephant,1440,Ethanol,Gut,0.3131311,1.872411058
OB0236,Onthophagus_babirussa,Elephant,1440,Ethanol,Gut,0.966771225,0.100965047
OB0237,Onthophagus_babirussa,Elephant,1440,Ethanol,Gut,0.12223492,1.3792499
OB0238,Onthophagus_babirussa,Elephant,1440,Ethanol,Gut,0.741471576,1.310244494
OB0239,Onthophagus_babirussa,Elephant,1440,Ethanol,Gut,0.526734811,1.078912458
OB0240,Onthophagus_babirussa,Elephant,1440,Ethanol,Gut,1.65717801,1.873599478
OB0241,Onthophagus_babirussa,Elephant,0,Ethanol,Entire,1.385411092,30.30422018
OB0242,Onthophagus_babirussa,Elephant,0,Ethanol,Entire,0.494447558,38.22912468
OB0243,Onthophagus_babirussa,Elephant,0,Ethanol,Entire,0.544873385,35.33924728
OB0244,Onthophagus_babirussa,Elephant,0,Ethanol,Entire,0.15001193,26.14227554
OB0245,Onthophagus_babirussa,Elephant,0,Ethanol,Entire,0.431094105,29.7618418
OB0246,Onthophagus_babirussa,Elephant,0,Ethanol,Entire,1.963369859,29.66078311
OB0247,Onthophagus_babirussa,Elephant,0,Ethanol,Entire,0.741288194,37.6079799
OB0248,Onthophagus_babirussa,Elephant,0,Ethanol,Entire,0.49588519,25.82355633
OB0249,Onthophagus_babirussa,Elephant,0,Ethanol,Entire,0.395726612,27.91690803
OB0250,Onthophagus_babirussa,Elephant,0,Ethanol,Entire,1.673573267,25.90624237
OB0251,Onthophagus_babirussa,Elephant,30,Ethanol,Entire,0.370503108,44.60381741
OB0252,Onthophagus_babirussa,Elephant,30,Ethanol,Entire,1.940604897,44.59866035
OB0253,Onthophagus_babirussa,Elephant,30,Ethanol,Entire,0.725281161,43.41409637
OB0254,Onthophagus_babirussa,Elephant,30,Ethanol,Entire,1.164375018,42.79470501
OB0255,Onthophagus_babirussa,Elephant,30,Ethanol,Entire,0.468036557,41.12215573
OB0256,Onthophagus_babirussa,Elephant,30,Ethanol,Entire,1.804406823,42.77282695
OB0257,Onthophagus_babirussa,Elephant,30,Ethanol,Entire,0.461783418,42.5310662
OB0258,Onthophagus_babirussa,Elephant,30,Ethanol,Entire,0.080494048,41.00743603
OB0259,Onthophagus_babirussa,Elephant,30,Ethanol,Entire,1.984802886,40.80320126
OB0260,Onthophagus_babirussa,Elephant,30,Ethanol,Entire,0.969903844,40.83717911
OB0261,Onthophagus_babirussa,Elephant,60,Ethanol,Entire,0.52916846,40.80280771
OB0262,Onthophagus_babirussa,Elephant,60,Ethanol,Entire,1.387824512,41.00444556
OB0263,Onthophagus_babirussa,Elephant,60,Ethanol,Entire,0.34781282,38.29437696
OB0264,Onthophagus_babirussa,Elephant,60,Ethanol,Entire,0.899805098,40.88432156
OB0265,Onthophagus_babirussa,Elephant,60,Ethanol,Entire,1.221960477,37.36896498
OB0266,Onthophagus_babirussa,Elephant,60,Ethanol,Entire,0.749053691,40.26601275
OB0267,Onthophagus_babirussa,Elephant,60,Ethanol,Entire,0.532250456,44.45244021
OB0268,Onthophagus_babirussa,Elephant,60,Ethanol,Entire,1.345295664,44.50946695
OB0269,Onthophagus_babirussa,Elephant,60,Ethanol,Entire,1.791858229,43.81622418
OB0270,Onthophagus_babirussa,Elephant,60,Ethanol,Entire,0.025032803,37.5395571
OB0271,Onthophagus_babirussa,Elephant,120,Ethanol,Entire,0.287327542,6.899150299
OB0272,Onthophagus_babirussa,Elephant,120,Ethanol,Entire,1.63536747,11.91762212
OB0273,Onthophagus_babirussa,Elephant,120,Ethanol,Entire,0.772568926,5.379119906
OB0274,Onthophagus_babirussa,Elephant,120,Ethanol,Entire,0.495691557,8.80164629
OB0275,Onthophagus_babirussa,Elephant,120,Ethanol,Entire,0.040145925,13.32566911
OB0276,Onthophagus_babirussa,Elephant,120,Ethanol,Entire,1.191082093,6.399668013
OB0277,Onthophagus_babirussa,Elephant,120,Ethanol,Entire,0.662530996,10.8066977
OB0278,Onthophagus_babirussa,Elephant,120,Ethanol,Entire,0.599559286,13.95125606
OB0279,Onthophagus_babirussa,Elephant,120,Ethanol,Entire,0.337358284,8.736337447
OB0280,Onthophagus_babirussa,Elephant,120,Ethanol,Entire,0.285782537,14.77370266
OB0281,Onthophagus_babirussa,Elephant,180,Ethanol,Entire,0.662086715,6.529146344
OB0282,Onthophagus_babirussa,Elephant,180,Ethanol,Entire,1.114185455,10.02461069
OB0283,Onthophagus_babirussa,Elephant,180,Ethanol,Entire,1.034329231,13.02721735
OB0284,Onthophagus_babirussa,Elephant,180,Ethanol,Entire,1.372708298,8.647976042
OB0285,Onthophagus_babirussa,Elephant,180,Ethanol,Entire,1.977396405,8.663177065
OB0286,Onthophagus_babirussa,Elephant,180,Ethanol,Entire,1.207141725,6.320360079
OB0287,Onthophagus_babirussa,Elephant,180,Ethanol,Entire,1.555759683,8.146024011
OB0288,Onthophagus_babirussa,Elephant,180,Ethanol,Entire,0.404424365,6.499590945
OB0289,Onthophagus_babirussa,Elephant,180,Ethanol,Entire,0.719684971,12.17406215
OB0290,Onthophagus_babirussa,Elephant,180,Ethanol,Entire,1.680655694,5.253477698
OB0291,Onthophagus_babirussa,Elephant,360,Ethanol,Entire,1.725042091,7.748421143
OB0292,Onthophagus_babirussa,Elephant,360,Ethanol,Entire,1.434534471,7.047661804
OB0293,Onthophagus_babirussa,Elephant,360,Ethanol,Entire,1.382258197,5.345778336
OB0294,Onthophagus_babirussa,Elephant,360,Ethanol,Entire,1.869923145,9.361432834
OB0295,Onthophagus_babirussa,Elephant,360,Ethanol,Entire,1.497525926,5.959347446
OB0296,Onthophagus_babirussa,Elephant,360,Ethanol,Entire,1.260057109,9.85869515
OB0297,Onthophagus_babirussa,Elephant,360,Ethanol,Entire,0.207024093,8.746994876
OB0298,Onthophagus_babirussa,Elephant,360,Ethanol,Entire,0.9533333,6.566296782
OB0299,Onthophagus_babirussa,Elephant,360,Ethanol,Entire,0.02986779,7.313201822
OB0300,Onthophagus_babirussa,Elephant,360,Ethanol,Entire,1.104589526,8.223009895
OB0301,Onthophagus_babirussa,Elephant,600,Ethanol,Entire,1.266074335,1.924339696
OB0302,Onthophagus_babirussa,Elephant,600,Ethanol,Entire,0.349329017,3.098224658
OB0303,Onthophagus_babirussa,Elephant,600,Ethanol,Entire,0.201175503,1.189574015
OB0304,Onthophagus_babirussa,Elephant,600,Ethanol,Entire,1.559595964,3.979307416
OB0305,Onthophagus_babirussa,Elephant,600,Ethanol,Entire,1.167788362,3.321273685
OB0306,Onthophagus_babirussa,Elephant,600,Ethanol,Entire,0.675437694,1.97938125
OB0307,Onthophagus_babirussa,Elephant,600,Ethanol,Entire,0.521545095,3.774669036
OB0308,Onthophagus_babirussa,Elephant,600,Ethanol,Entire,1.644300753,1.431367023
OB0309,Onthophagus_babirussa,Elephant,600,Ethanol,Entire,1.643677714,2.986103373
OB0310,Onthophagus_babirussa,Elephant,600,Ethanol,Entire,0.155054187,3.395826062
OB0311,Onthophagus_babirussa,Elephant,1440,Ethanol,Entire,0.133667428,0.917754849
OB0312,Onthophagus_babirussa,Elephant,1440,Ethanol,Entire,1.687509971,0.757019173
OB0313,Onthophagus_babirussa,Elephant,1440,Ethanol,Entire,0.038825431,1.999478735
OB0314,Onthophagus_babirussa,Elephant,1440,Ethanol,Entire,0.033187165,1.127298174
OB0315,Onthophagus_babirussa,Elephant,1440,Ethanol,Entire,1.284498625,1.215893582
OB0316,Onthophagus_babirussa,Elephant,1440,Ethanol,Entire,1.706828242,1.736088123
OB0317,Onthophagus_babirussa,Elephant,1440,Ethanol,Entire,1.475620049,0.119354525
OB0318,Onthophagus_babirussa,Elephant,1440,Ethanol,Entire,1.891461566,1.821951285
OB0319,Onthophagus_babirussa,Elephant,1440,Ethanol,Entire,0.970173855,0.634584449
OB0320,Onthophagus_babirussa,Elephant,1440,Ethanol,Entire,0.674105631,1.692852017
OB0321,Onthophagus_babirussa,Tiger,0,LiqN,Gut,1.285576435,44.60900505
OB0322,Onthophagus_babirussa,Tiger,0,LiqN,Gut,0.64400328,43.59520424
OB0323,Onthophagus_babirussa,Tiger,0,LiqN,Gut,0.925131564,31.95882174
OB0324,Onthophagus_babirussa,Tiger,0,LiqN,Gut,1.804093795,41.88399041
OB0325,Onthophagus_babirussa,Tiger,0,LiqN,Gut,1.033553147,39.09541856
OB0326,Onthophagus_babirussa,Tiger,0,LiqN,Gut,0.946435557,32.86105697
OB0327,Onthophagus_babirussa,Tiger,0,LiqN,Gut,0.143069429,42.18080162
OB0328,Onthophagus_babirussa,Tiger,0,LiqN,Gut,1.822009213,34.79376653
OB0329,Onthophagus_babirussa,Tiger,0,LiqN,Gut,0.566405293,42.0385647
OB0330,Onthophagus_babirussa,Tiger,0,LiqN,Gut,0.730132957,38.00285235
OB0331,Onthophagus_babirussa,Tiger,30,LiqN,Gut,1.548570143,47.7908628
OB0332,Onthophagus_babirussa,Tiger,30,LiqN,Gut,1.194089422,48.67953372
OB0333,Onthophagus_babirussa,Tiger,30,LiqN,Gut,0.947209384,48.46746553
OB0334,Onthophagus_babirussa,Tiger,30,LiqN,Gut,1.747842066,49.34773607
OB0335,Onthophagus_babirussa,Tiger,30,LiqN,Gut,1.802244033,45.81067374
OB0336,Onthophagus_babirussa,Tiger,30,LiqN,Gut,0.232177954,46.65686117
OB0337,Onthophagus_babirussa,Tiger,30,LiqN,Gut,0.589331463,47.08176973
OB0338,Onthophagus_babirussa,Tiger,30,LiqN,Gut,1.728364962,45.88516831
OB0339,Onthophagus_babirussa,Tiger,30,LiqN,Gut,0.629446175,47.74344253
OB0340,Onthophagus_babirussa,Tiger,30,LiqN,Gut,1.088674614,48.86331242
OB0341,Onthophagus_babirussa,Tiger,60,LiqN,Gut,0.084268564,45.83510165
OB0342,Onthophagus_babirussa,Tiger,60,LiqN,Gut,0.710562969,44.33423798
OB0343,Onthophagus_babirussa,Tiger,60,LiqN,Gut,0.905212689,49.59074685
OB0344,Onthophagus_babirussa,Tiger,60,LiqN,Gut,1.541774289,44.37059458
OB0345,Onthophagus_babirussa,Tiger,60,LiqN,Gut,1.290023544,46.10020464
OB0346,Onthophagus_babirussa,Tiger,60,LiqN,Gut,1.029433932,40.97303538
OB0347,Onthophagus_babirussa,Tiger,60,LiqN,Gut,1.06069932,40.8450222
OB0348,Onthophagus_babirussa,Tiger,60,LiqN,Gut,1.093744864,49.43960646
OB0349,Onthophagus_babirussa,Tiger,60,LiqN,Gut,0.700330323,45.4380395
OB0350,Onthophagus_babirussa,Tiger,60,LiqN,Gut,1.995067053,43.26153981
OB0351,Onthophagus_babirussa,Tiger,120,LiqN,Gut,0.616299881,15.70021016
OB0352,Onthophagus_babirussa,Tiger,120,LiqN,Gut,1.513907516,18.88844639
OB0353,Onthophagus_babirussa,Tiger,120,LiqN,Gut,1.342751542,19.84128809
OB0354,Onthophagus_babirussa,Tiger,120,LiqN,Gut,1.72282423,15.07412137
OB0355,Onthophagus_babirussa,Tiger,120,LiqN,Gut,0.22838996,13.10832841
OB0356,Onthophagus_babirussa,Tiger,120,LiqN,Gut,0.105079613,12.3462245
OB0357,Onthophagus_babirussa,Tiger,120,LiqN,Gut,1.657207322,19.320159
OB0358,Onthophagus_babirussa,Tiger,120,LiqN,Gut,0.897065394,10.89246285
OB0359,Onthophagus_babirussa,Tiger,120,LiqN,Gut,1.467387579,15.11001691
OB0360,Onthophagus_babirussa,Tiger,120,LiqN,Gut,0.916607441,19.6019462
OB0361,Onthophagus_babirussa,Tiger,180,LiqN,Gut,0.067330385,13.74225055
OB0362,Onthophagus_babirussa,Tiger,180,LiqN,Gut,1.805052235,19.64193712
OB0363,Onthophagus_babirussa,Tiger,180,LiqN,Gut,0.135500907,12.91110939
OB0364,Onthophagus_babirussa,Tiger,180,LiqN,Gut,0.115705111,11.33954888
OB0365,Onthophagus_babirussa,Tiger,180,LiqN,Gut,0.817462837,11.1168741
OB0366,Onthophagus_babirussa,Tiger,180,LiqN,Gut,0.944235725,14.51497075
OB0367,Onthophagus_babirussa,Tiger,180,LiqN,Gut,1.197981066,17.73921226
OB0368,Onthophagus_babirussa,Tiger,180,LiqN,Gut,1.061292184,13.97650789
OB0369,Onthophagus_babirussa,Tiger,180,LiqN,Gut,1.668298637,16.73346627
OB0370,Onthophagus_babirussa,Tiger,180,LiqN,Gut,0.816369745,15.58035843
OB0371,Onthophagus_babirussa,Tiger,360,LiqN,Gut,0.294753566,5.938579593
OB0372,Onthophagus_babirussa,Tiger,360,LiqN,Gut,0.389304946,6.755233509
OB0373,Onthophagus_babirussa,Tiger,360,LiqN,Gut,1.204692822,7.194940531
OB0374,Onthophagus_babirussa,Tiger,360,LiqN,Gut,1.108199293,8.32667406
OB0375,Onthophagus_babirussa,Tiger,360,LiqN,Gut,1.362529434,5.917784982
OB0376,Onthophagus_babirussa,Tiger,360,LiqN,Gut,0.800194689,6.418990165
OB0377,Onthophagus_babirussa,Tiger,360,LiqN,Gut,0.270724782,5.010474935
OB0378,Onthophagus_babirussa,Tiger,360,LiqN,Gut,0.565759988,5.573041338
OB0379,Onthophagus_babirussa,Tiger,360,LiqN,Gut,0.561770021,8.068205102
OB0380,Onthophagus_babirussa,Tiger,360,LiqN,Gut,1.898200259,8.823200944
OB0381,Onthophagus_babirussa,Tiger,600,LiqN,Gut,1.741239927,3.020560767
OB0382,Onthophagus_babirussa,Tiger,600,LiqN,Gut,1.610392298,3.824255792
OB0383,Onthophagus_babirussa,Tiger,600,LiqN,Gut,0.227067072,1.740873141
OB0384,Onthophagus_babirussa,Tiger,600,LiqN,Gut,1.38822584,3.363132939
OB0385,Onthophagus_babirussa,Tiger,600,LiqN,Gut,1.415591262,4.95186297
OB0386,Onthophagus_babirussa,Tiger,600,LiqN,Gut,0.664990366,1.749098808
OB0387,Onthophagus_babirussa,Tiger,600,LiqN,Gut,1.665799537,3.501622923
OB0388,Onthophagus_babirussa,Tiger,600,LiqN,Gut,1.014852801,1.576691476
OB0389,Onthophagus_babirussa,Tiger,600,LiqN,Gut,0.296846467,2.951534486
OB0390,Onthophagus_babirussa,Tiger,600,LiqN,Gut,0.343613424,2.218913239
OB0391,Onthophagus_babirussa,Tiger,1440,LiqN,Gut,0.890269286,1.088650329
OB0392,Onthophagus_babirussa,Tiger,1440,LiqN,Gut,1.642341734,0.784150635
OB0393,Onthophagus_babirussa,Tiger,1440,LiqN,Gut,1.265920264,0.012821183
OB0394,Onthophagus_babirussa,Tiger,1440,LiqN,Gut,1.314019405,0.346502392
OB0395,Onthophagus_babirussa,Tiger,1440,LiqN,Gut,1.667814445,1.301198219
OB0396,Onthophagus_babirussa,Tiger,1440,LiqN,Gut,1.037770802,0.892651898
OB0397,Onthophagus_babirussa,Tiger,1440,LiqN,Gut,0.362455302,1.975655166
OB0398,Onthophagus_babirussa,Tiger,1440,LiqN,Gut,0.189246406,0.002422302
OB0399,Onthophagus_babirussa,Tiger,1440,LiqN,Gut,1.383227132,0.788126185
OB0400,Onthophagus_babirussa,Tiger,1440,LiqN,Gut,1.829012006,1.260904194
OB0401,Onthophagus_babirussa,Tiger,0,LiqN,Entire,0.606467124,42.50490721
OB0402,Onthophagus_babirussa,Tiger,0,LiqN,Entire,1.273101129,44.08223198
OB0403,Onthophagus_babirussa,Tiger,0,LiqN,Entire,1.715129657,40.69057452
OB0404,Onthophagus_babirussa,Tiger,0,LiqN,Entire,1.088366484,39.8942001
OB0405,Onthophagus_babirussa,Tiger,0,LiqN,Entire,0.14606309,34.11532835
OB0406,Onthophagus_babirussa,Tiger,0,LiqN,Entire,1.131092484,31.50865851
OB0407,Onthophagus_babirussa,Tiger,0,LiqN,Entire,1.255724391,35.91875745
OB0408,Onthophagus_babirussa,Tiger,0,LiqN,Entire,1.059876708,38.98997481
OB0409,Onthophagus_babirussa,Tiger,0,LiqN,Entire,0.395882838,30.54939908
OB0410,Onthophagus_babirussa,Tiger,0,LiqN,Entire,1.941549397,31.86674868
OB0411,Onthophagus_babirussa,Tiger,30,LiqN,Entire,0.28547713,48.39149329
OB0412,Onthophagus_babirussa,Tiger,30,LiqN,Entire,1.654834687,49.76779618
OB0413,Onthophagus_babirussa,Tiger,30,LiqN,Entire,0.294560701,48.38144024
OB0414,Onthophagus_babirussa,Tiger,30,LiqN,Entire,0.690859548,45.14107916
OB0415,Onthophagus_babirussa,Tiger,30,LiqN,Entire,1.744229483,47.86037187
OB0416,Onthophagus_babirussa,Tiger,30,LiqN,Entire,0.839731563,49.76133077
OB0417,Onthophagus_babirussa,Tiger,30,LiqN,Entire,1.600579681,47.0220145
OB0418,Onthophagus_babirussa,Tiger,30,LiqN,Entire,0.257286022,46.90613659
OB0419,Onthophagus_babirussa,Tiger,30,LiqN,Entire,0.327189706,49.1342155
OB0420,Onthophagus_babirussa,Tiger,30,LiqN,Entire,1.288284042,49.56101789
OB0421,Onthophagus_babirussa,Tiger,60,LiqN,Entire,1.721506409,44.97527815
OB0422,Onthophagus_babirussa,Tiger,60,LiqN,Entire,0.419033323,44.00389547
OB0423,Onthophagus_babirussa,Tiger,60,LiqN,Entire,1.693219701,46.27914171
OB0424,Onthophagus_babirussa,Tiger,60,LiqN,Entire,0.970792828,44.05784596
OB0425,Onthophagus_babirussa,Tiger,60,LiqN,Entire,0.810663859,42.40749569
OB0426,Onthophagus_babirussa,Tiger,60,LiqN,Entire,0.745074109,41.71841349
OB0427,Onthophagus_babirussa,Tiger,60,LiqN,Entire,1.203723082,47.83839541
OB0428,Onthophagus_babirussa,Tiger,60,LiqN,Entire,0.935721019,44.0314406
OB0429,Onthophagus_babirussa,Tiger,60,LiqN,Entire,0.080502467,45.07941181
OB0430,Onthophagus_babirussa,Tiger,60,LiqN,Entire,0.838691402,40.35529844
OB0431,Onthophagus_babirussa,Tiger,120,LiqN,Entire,1.728554412,18.23413626
OB0432,Onthophagus_babirussa,Tiger,120,LiqN,Entire,1.517261588,14.74778555
OB0433,Onthophagus_babirussa,Tiger,120,LiqN,Entire,0.178898443,13.97404886
OB0434,Onthophagus_babirussa,Tiger,120,LiqN,Entire,0.157399945,12.46437414
OB0435,Onthophagus_babirussa,Tiger,120,LiqN,Entire,0.138513844,17.68740258
OB0436,Onthophagus_babirussa,Tiger,120,LiqN,Entire,0.210511953,11.08471554
OB0437,Onthophagus_babirussa,Tiger,120,LiqN,Entire,1.44617471,10.65799357
OB0438,Onthophagus_babirussa,Tiger,120,LiqN,Entire,1.014036942,15.49263779
OB0439,Onthophagus_babirussa,Tiger,120,LiqN,Entire,1.999311654,19.20529834
OB0440,Onthophagus_babirussa,Tiger,120,LiqN,Entire,0.645347517,11.19047809
OB0441,Onthophagus_babirussa,Tiger,180,LiqN,Entire,0.848790447,14.61220178
OB0442,Onthophagus_babirussa,Tiger,180,LiqN,Entire,0.551210427,12.22135263
OB0443,Onthophagus_babirussa,Tiger,180,LiqN,Entire,1.078675663,13.43080743
OB0444,Onthophagus_babirussa,Tiger,180,LiqN,Entire,0.67055438,16.79454219
OB0445,Onthophagus_babirussa,Tiger,180,LiqN,Entire,0.474181585,18.15428677
OB0446,Onthophagus_babirussa,Tiger,180,LiqN,Entire,1.71909966,14.8774222
OB0447,Onthophagus_babirussa,Tiger,180,LiqN,Entire,0.284443904,14.89515206
OB0448,Onthophagus_babirussa,Tiger,180,LiqN,Entire,1.68391547,12.63013667
OB0449,Onthophagus_babirussa,Tiger,180,LiqN,Entire,0.858529732,18.46170017
OB0450,Onthophagus_babirussa,Tiger,180,LiqN,Entire,0.417455462,16.19180606
OB0451,Onthophagus_babirussa,Tiger,360,LiqN,Entire,1.268711412,6.348894458
OB0452,Onthophagus_babirussa,Tiger,360,LiqN,Entire,1.740012297,5.209839814
OB0453,Onthophagus_babirussa,Tiger,360,LiqN,Entire,1.125309293,7.199067515
OB0454,Onthophagus_babirussa,Tiger,360,LiqN,Entire,1.434596464,9.311186492
OB0455,Onthophagus_babirussa,Tiger,360,LiqN,Entire,0.01896795,9.674475681
OB0456,Onthophagus_babirussa,Tiger,360,LiqN,Entire,0.436739397,5.956580915
OB0457,Onthophagus_babirussa,Tiger,360,LiqN,Entire,1.271767637,5.58088049
OB0458,Onthophagus_babirussa,Tiger,360,LiqN,Entire,0.008163553,5.61849903
OB0459,Onthophagus_babirussa,Tiger,360,LiqN,Entire,1.860602989,6.197763651
OB0460,Onthophagus_babirussa,Tiger,360,LiqN,Entire,0.749615595,7.810830925
OB0461,Onthophagus_babirussa,Tiger,600,LiqN,Entire,1.41946069,2.159775455
OB0462,Onthophagus_babirussa,Tiger,600,LiqN,Entire,0.105665739,1.971346795
OB0463,Onthophagus_babirussa,Tiger,600,LiqN,Entire,1.493440294,2.693412488
OB0464,Onthophagus_babirussa,Tiger,600,LiqN,Entire,1.976232597,3.503137852
OB0465,Onthophagus_babirussa,Tiger,600,LiqN,Entire,1.898766485,2.82541013
OB0466,Onthophagus_babirussa,Tiger,600,LiqN,Entire,1.94824558,2.771357682
OB0467,Onthophagus_babirussa,Tiger,600,LiqN,Entire,1.591284373,3.496596754
OB0468,Onthophagus_babirussa,Tiger,600,LiqN,Entire,0.140406778,1.790585293
OB0469,Onthophagus_babirussa,Tiger,600,LiqN,Entire,1.690875674,3.111469429
OB0470,Onthophagus_babirussa,Tiger,600,LiqN,Entire,0.209366682,3.270436911
OB0471,Onthophagus_babirussa,Tiger,1440,LiqN,Entire,0.515098437,1.68736738
OB0472,Onthophagus_babirussa,Tiger,1440,LiqN,Entire,1.887738604,0.789810009
OB0473,Onthophagus_babirussa,Tiger,1440,LiqN,Entire,1.206642691,1.023438249
OB0474,Onthophagus_babirussa,Tiger,1440,LiqN,Entire,1.051522007,1.768512571
OB0475,Onthophagus_babirussa,Tiger,1440,LiqN,Entire,0.566486155,1.232795798
OB0476,Onthophagus_babirussa,Tiger,1440,LiqN,Entire,1.824980715,0.759860929
OB0477,Onthophagus_babirussa,Tiger,1440,LiqN,Entire,0.19729066,1.692750457
OB0478,Onthophagus_babirussa,Tiger,1440,LiqN,Entire,0.822253957,0.835260179
OB0479,Onthophagus_babirussa,Tiger,1440,LiqN,Entire,0.010451933,1.508833443
OB0480,Onthophagus_babirussa,Tiger,1440,LiqN,Entire,0.336840294,0.483992125
OB0481,Onthophagus_babirussa,Tiger,0,Ethanol,Gut,0.858879253,35.35720328
OB0482,Onthophagus_babirussa,Tiger,0,Ethanol,Gut,1.657666569,25.46127355
OB0483,Onthophagus_babirussa,Tiger,0,Ethanol,Gut,1.441478933,32.89841451
OB0484,Onthophagus_babirussa,Tiger,0,Ethanol,Gut,0.585538414,32.58578229
OB0485,Onthophagus_babirussa,Tiger,0,Ethanol,Gut,0.435924949,37.21302943
OB0486,Onthophagus_babirussa,Tiger,0,Ethanol,Gut,0.890143799,36.41805166
OB0487,Onthophagus_babirussa,Tiger,0,Ethanol,Gut,1.070430631,35.49853411
OB0488,Onthophagus_babirussa,Tiger,0,Ethanol,Gut,0.541542222,38.11639754
OB0489,Onthophagus_babirussa,Tiger,0,Ethanol,Gut,0.985398337,33.48990611
OB0490,Onthophagus_babirussa,Tiger,0,Ethanol,Gut,0.388893317,34.22352979
OB0491,Onthophagus_babirussa,Tiger,30,Ethanol,Gut,0.858460197,43.98385724
OB0492,Onthophagus_babirussa,Tiger,30,Ethanol,Gut,0.353235791,44.64371564
OB0493,Onthophagus_babirussa,Tiger,30,Ethanol,Gut,0.104733085,43.97533237
OB0494,Onthophagus_babirussa,Tiger,30,Ethanol,Gut,1.597612006,40.96271233
OB0495,Onthophagus_babirussa,Tiger,30,Ethanol,Gut,1.417537617,42.70231343
OB0496,Onthophagus_babirussa,Tiger,30,Ethanol,Gut,0.698341451,44.45370112
OB0497,Onthophagus_babirussa,Tiger,30,Ethanol,Gut,0.312601994,43.92521201
OB0498,Onthophagus_babirussa,Tiger,30,Ethanol,Gut,0.138104845,41.09917981
OB0499,Onthophagus_babirussa,Tiger,30,Ethanol,Gut,1.805924859,41.80848311
OB0500,Onthophagus_babirussa,Tiger,30,Ethanol,Gut,0.0200038,43.64715678
OB0501,Onthophagus_babirussa,Tiger,60,Ethanol,Gut,0.714707093,38.22720472
OB0502,Onthophagus_babirussa,Tiger,60,Ethanol,Gut,0.442859671,38.03297452
OB0503,Onthophagus_babirussa,Tiger,60,Ethanol,Gut,1.104978108,37.87456889
OB0504,Onthophagus_babirussa,Tiger,60,Ethanol,Gut,1.782937809,40.66937453
OB0505,Onthophagus_babirussa,Tiger,60,Ethanol,Gut,1.688270961,40.15277507
OB0506,Onthophagus_babirussa,Tiger,60,Ethanol,Gut,0.075136332,41.52877348
OB0507,Onthophagus_babirussa,Tiger,60,Ethanol,Gut,1.968743035,43.94067548
OB0508,Onthophagus_babirussa,Tiger,60,Ethanol,Gut,0.325016414,44.27840103
OB0509,Onthophagus_babirussa,Tiger,60,Ethanol,Gut,0.600655201,44.38590969
OB0510,Onthophagus_babirussa,Tiger,60,Ethanol,Gut,1.986156337,43.21420662
OB0511,Onthophagus_babirussa,Tiger,120,Ethanol,Gut,0.723887607,14.20031677
OB0512,Onthophagus_babirussa,Tiger,120,Ethanol,Gut,0.779425708,6.844179082
OB0513,Onthophagus_babirussa,Tiger,120,Ethanol,Gut,0.42753927,9.224109376
OB0514,Onthophagus_babirussa,Tiger,120,Ethanol,Gut,0.986233949,9.194491419
OB0515,Onthophagus_babirussa,Tiger,120,Ethanol,Gut,0.217073358,10.90694292
OB0516,Onthophagus_babirussa,Tiger,120,Ethanol,Gut,0.001828126,11.98007001
OB0517,Onthophagus_babirussa,Tiger,120,Ethanol,Gut,1.090509948,12.98037134
OB0518,Onthophagus_babirussa,Tiger,120,Ethanol,Gut,1.867887779,7.413324534
OB0519,Onthophagus_babirussa,Tiger,120,Ethanol,Gut,1.129797838,7.168895568
OB0520,Onthophagus_babirussa,Tiger,120,Ethanol,Gut,1.253269692,10.4398867
OB0521,Onthophagus_babirussa,Tiger,180,Ethanol,Gut,1.508074849,11.61032132
OB0522,Onthophagus_babirussa,Tiger,180,Ethanol,Gut,1.412897682,9.580189086
OB0523,Onthophagus_babirussa,Tiger,180,Ethanol,Gut,0.335837448,10.49372485
OB0524,Onthophagus_babirussa,Tiger,180,Ethanol,Gut,1.361832452,8.259084071
OB0525,Onthophagus_babirussa,Tiger,180,Ethanol,Gut,0.73435777,11.37873199
OB0526,Onthophagus_babirussa,Tiger,180,Ethanol,Gut,1.928964723,6.859848438
OB0527,Onthophagus_babirussa,Tiger,180,Ethanol,Gut,0.242063069,8.568253704
OB0528,Onthophagus_babirussa,Tiger,180,Ethanol,Gut,1.584011273,6.709282178
OB0529,Onthophagus_babirussa,Tiger,180,Ethanol,Gut,0.607892808,14.86478536
OB0530,Onthophagus_babirussa,Tiger,180,Ethanol,Gut,1.434192083,6.175798832
OB0531,Onthophagus_babirussa,Tiger,360,Ethanol,Gut,1.422807616,5.085383191
OB0532,Onthophagus_babirussa,Tiger,360,Ethanol,Gut,0.547167445,8.391713291
OB0533,Onthophagus_babirussa,Tiger,360,Ethanol,Gut,1.284062864,7.222679154
OB0534,Onthophagus_babirussa,Tiger,360,Ethanol,Gut,1.386807568,9.170532179
OB0535,Onthophagus_babirussa,Tiger,360,Ethanol,Gut,0.262876583,9.073522036
OB0536,Onthophagus_babirussa,Tiger,360,Ethanol,Gut,0.301503043,5.96554869
OB0537,Onthophagus_babirussa,Tiger,360,Ethanol,Gut,0.3935913,6.36435863
OB0538,Onthophagus_babirussa,Tiger,360,Ethanol,Gut,0.370246415,7.982573653
OB0539,Onthophagus_babirussa,Tiger,360,Ethanol,Gut,1.813388265,5.353670614
OB0540,Onthophagus_babirussa,Tiger,360,Ethanol,Gut,0.066994301,7.651956637
OB0541,Onthophagus_babirussa,Tiger,600,Ethanol,Gut,1.1226475,3.879585778
OB0542,Onthophagus_babirussa,Tiger,600,Ethanol,Gut,0.032207149,3.413023877
OB0543,Onthophagus_babirussa,Tiger,600,Ethanol,Gut,1.807045645,3.096556701
OB0544,Onthophagus_babirussa,Tiger,600,Ethanol,Gut,0.501273733,3.504202547
OB0545,Onthophagus_babirussa,Tiger,600,Ethanol,Gut,1.333058121,2.663313598
OB0546,Onthophagus_babirussa,Tiger,600,Ethanol,Gut,1.313456807,4.696667043
OB0547,Onthophagus_babirussa,Tiger,600,Ethanol,Gut,1.103628537,2.499321395
OB0548,Onthophagus_babirussa,Tiger,600,Ethanol,Gut,1.093129583,3.362670067
OB0549,Onthophagus_babirussa,Tiger,600,Ethanol,Gut,0.926131638,1.282923393
OB0550,Onthophagus_babirussa,Tiger,600,Ethanol,Gut,0.844722342,3.246285974
OB0551,Onthophagus_babirussa,Tiger,1440,Ethanol,Gut,1.383639813,1.923151959
OB0552,Onthophagus_babirussa,Tiger,1440,Ethanol,Gut,1.342068544,1.584004843
OB0553,Onthophagus_babirussa,Tiger,1440,Ethanol,Gut,1.30814745,1.925195065
OB0554,Onthophagus_babirussa,Tiger,1440,Ethanol,Gut,1.248098507,0.457953661
OB0555,Onthophagus_babirussa,Tiger,1440,Ethanol,Gut,0.065184603,0.371059045
OB0556,Onthophagus_babirussa,Tiger,1440,Ethanol,Gut,1.256773903,1.731125371
OB0557,Onthophagus_babirussa,Tiger,1440,Ethanol,Gut,1.68945059,1.080880381
OB0558,Onthophagus_babirussa,Tiger,1440,Ethanol,Gut,0.996109995,0.785362822
OB0559,Onthophagus_babirussa,Tiger,1440,Ethanol,Gut,1.801395122,1.030680285
OB0560,Onthophagus_babirussa,Tiger,1440,Ethanol,Gut,1.459478215,1.44330201
OB0561,Onthophagus_babirussa,Tiger,0,Ethanol,Entire,0.90861195,30.28291479
OB0562,Onthophagus_babirussa,Tiger,0,Ethanol,Entire,0.887172851,26.90778041
OB0563,Onthophagus_babirussa,Tiger,0,Ethanol,Entire,0.071343615,34.66119844
OB0564,Onthophagus_babirussa,Tiger,0,Ethanol,Entire,1.959893209,36.7799123
OB0565,Onthophagus_babirussa,Tiger,0,Ethanol,Entire,1.529530543,26.46798041
OB0566,Onthophagus_babirussa,Tiger,0,Ethanol,Entire,0.718141469,36.93899529
OB0567,Onthophagus_babirussa,Tiger,0,Ethanol,Entire,1.554082117,37.75383838
OB0568,Onthophagus_babirussa,Tiger,0,Ethanol,Entire,0.059667924,31.38081792
OB0569,Onthophagus_babirussa,Tiger,0,Ethanol,Entire,0.408680785,32.448411
OB0570,Onthophagus_babirussa,Tiger,0,Ethanol,Entire,1.473830788,32.38393109
OB0571,Onthophagus_babirussa,Tiger,30,Ethanol,Entire,1.692982105,44.87217926
OB0572,Onthophagus_babirussa,Tiger,30,Ethanol,Entire,0.541157751,40.02862963
OB0573,Onthophagus_babirussa,Tiger,30,Ethanol,Entire,1.136695075,44.63050393
OB0574,Onthophagus_babirussa,Tiger,30,Ethanol,Entire,1.603317121,40.18456816
OB0575,Onthophagus_babirussa,Tiger,30,Ethanol,Entire,0.861022738,40.99096793
OB0576,Onthophagus_babirussa,Tiger,30,Ethanol,Entire,1.225937786,42.07156726
OB0577,Onthophagus_babirussa,Tiger,30,Ethanol,Entire,0.019182177,44.76894772
OB0578,Onthophagus_babirussa,Tiger,30,Ethanol,Entire,0.682404569,40.23940127
OB0579,Onthophagus_babirussa,Tiger,30,Ethanol,Entire,0.975231562,41.04330005
OB0580,Onthophagus_babirussa,Tiger,30,Ethanol,Entire,0.497609147,44.79260651
OB0581,Onthophagus_babirussa,Tiger,60,Ethanol,Entire,1.601238949,42.60526002
OB0582,Onthophagus_babirussa,Tiger,60,Ethanol,Entire,1.056925374,38.74874231
OB0583,Onthophagus_babirussa,Tiger,60,Ethanol,Entire,0.509946258,42.41509667
OB0584,Onthophagus_babirussa,Tiger,60,Ethanol,Entire,1.172517513,41.60676922
OB0585,Onthophagus_babirussa,Tiger,60,Ethanol,Entire,1.625597211,42.29895664
OB0586,Onthophagus_babirussa,Tiger,60,Ethanol,Entire,0.835790395,43.21786173
OB0587,Onthophagus_babirussa,Tiger,60,Ethanol,Entire,0.315069418,43.99049528
OB0588,Onthophagus_babirussa,Tiger,60,Ethanol,Entire,1.393598271,38.91276733
OB0589,Onthophagus_babirussa,Tiger,60,Ethanol,Entire,1.682898044,43.75393302
OB0590,Onthophagus_babirussa,Tiger,60,Ethanol,Entire,1.64189251,37.87565717
OB0591,Onthophagus_babirussa,Tiger,120,Ethanol,Entire,0.313298889,13.81169137
OB0592,Onthophagus_babirussa,Tiger,120,Ethanol,Entire,1.687965188,12.36358964
OB0593,Onthophagus_babirussa,Tiger,120,Ethanol,Entire,1.511882757,6.100287291
OB0594,Onthophagus_babirussa,Tiger,120,Ethanol,Entire,0.673365456,12.05022864
OB0595,Onthophagus_babirussa,Tiger,120,Ethanol,Entire,1.111931621,12.15457829
OB0596,Onthophagus_babirussa,Tiger,120,Ethanol,Entire,1.144560734,5.941856289
OB0597,Onthophagus_babirussa,Tiger,120,Ethanol,Entire,0.653058422,5.67208465
OB0598,Onthophagus_babirussa,Tiger,120,Ethanol,Entire,1.836316981,9.481449052
OB0599,Onthophagus_babirussa,Tiger,120,Ethanol,Entire,0.53338935,11.31896018
OB0600,Onthophagus_babirussa,Tiger,120,Ethanol,Entire,1.137626495,14.15385866
OB0601,Onthophagus_babirussa,Tiger,180,Ethanol,Entire,1.565228654,5.189795614
OB0602,Onthophagus_babirussa,Tiger,180,Ethanol,Entire,1.498306069,8.286238887
OB0603,Onthophagus_babirussa,Tiger,180,Ethanol,Entire,0.545872314,7.705142383
OB0604,Onthophagus_babirussa,Tiger,180,Ethanol,Entire,1.317384306,11.95805107
OB0605,Onthophagus_babirussa,Tiger,180,Ethanol,Entire,0.413983373,10.22637284
OB0606,Onthophagus_babirussa,Tiger,180,Ethanol,Entire,1.079685748,13.16596207
OB0607,Onthophagus_babirussa,Tiger,180,Ethanol,Entire,0.569437267,13.38227104
OB0608,Onthophagus_babirussa,Tiger,180,Ethanol,Entire,1.045512802,9.30200225
OB0609,Onthophagus_babirussa,Tiger,180,Ethanol,Entire,0.043099754,14.99341931
OB0610,Onthophagus_babirussa,Tiger,180,Ethanol,Entire,0.61758051,6.397862803
OB0611,Onthophagus_babirussa,Tiger,360,Ethanol,Entire,1.281807905,6.516477723
OB0612,Onthophagus_babirussa,Tiger,360,Ethanol,Entire,1.453677549,8.390193169
OB0613,Onthophagus_babirussa,Tiger,360,Ethanol,Entire,1.250790458,5.843971443
OB0614,Onthophagus_babirussa,Tiger,360,Ethanol,Entire,1.685193607,6.836992414
OB0615,Onthophagus_babirussa,Tiger,360,Ethanol,Entire,1.814890565,9.67069344
OB0616,Onthophagus_babirussa,Tiger,360,Ethanol,Entire,1.506766336,8.897444822
OB0617,Onthophagus_babirussa,Tiger,360,Ethanol,Entire,1.99204453,7.611961059
OB0618,Onthophagus_babirussa,Tiger,360,Ethanol,Entire,1.635048013,6.169524115
OB0619,Onthophagus_babirussa,Tiger,360,Ethanol,Entire,0.502391476,7.515820484
OB0620,Onthophagus_babirussa,Tiger,360,Ethanol,Entire,0.587976185,8.770592642
OB0621,Onthophagus_babirussa,Tiger,600,Ethanol,Entire,0.303993991,4.368073413
OB0622,Onthophagus_babirussa,Tiger,600,Ethanol,Entire,1.09979525,4.363119349
OB0623,Onthophagus_babirussa,Tiger,600,Ethanol,Entire,1.319927092,3.04150742
OB0624,Onthophagus_babirussa,Tiger,600,Ethanol,Entire,1.45057312,2.630166567
OB0625,Onthophagus_babirussa,Tiger,600,Ethanol,Entire,0.82074335,1.366053167
OB0626,Onthophagus_babirussa,Tiger,600,Ethanol,Entire,1.232070128,1.370230828
OB0627,Onthophagus_babirussa,Tiger,600,Ethanol,Entire,1.317554699,4.260441442
OB0628,Onthophagus_babirussa,Tiger,600,Ethanol,Entire,1.867622412,3.730472498
OB0629,Onthophagus_babirussa,Tiger,600,Ethanol,Entire,0.457915551,4.495720775
OB0630,Onthophagus_babirussa,Tiger,600,Ethanol,Entire,0.673925838,2.312324333
OB0631,Onthophagus_babirussa,Tiger,1440,Ethanol,Entire,1.878071325,1.212561597
OB0632,Onthophagus_babirussa,Tiger,1440,Ethanol,Entire,1.531526513,0.98129318
OB0633,Onthophagus_babirussa,Tiger,1440,Ethanol,Entire,0.913298364,1.182559053
OB0634,Onthophagus_babirussa,Tiger,1440,Ethanol,Entire,0.505238962,1.868896523
OB0635,Onthophagus_babirussa,Tiger,1440,Ethanol,Entire,1.735653247,0.23418622
OB0636,Onthophagus_babirussa,Tiger,1440,Ethanol,Entire,0.891007087,1.527486149
OB0637,Onthophagus_babirussa,Tiger,1440,Ethanol,Entire,1.449985857,1.490661235
OB0638,Onthophagus_babirussa,Tiger,1440,Ethanol,Entire,1.879455522,0.896670058
OB0639,Onthophagus_babirussa,Tiger,1440,Ethanol,Entire,1.252794744,1.591628714
OB0640,Onthophagus_babirussa,Tiger,1440,Ethanol,Entire,0.365116547,0.188693351
PM0001,Paragymnopleurus_maurus,Elephant,0,LiqN,Gut,1.939557242,38.69999029
PM0002,Paragymnopleurus_maurus,Elephant,0,LiqN,Gut,1.237834656,32.11050812
PM0003,Paragymnopleurus_maurus,Elephant,0,LiqN,Gut,1.230244703,44.55049716
PM0004,Paragymnopleurus_maurus,Elephant,0,LiqN,Gut,1.005423671,39.93052436
PM0005,Paragymnopleurus_maurus,Elephant,0,LiqN,Gut,0.409990146,38.9004496
PM0006,Paragymnopleurus_maurus,Elephant,0,LiqN,Gut,0.391979225,41.1983526
PM0007,Paragymnopleurus_maurus,Elephant,0,LiqN,Gut,1.606798837,39.54749657
PM0008,Paragymnopleurus_maurus,Elephant,0,LiqN,Gut,0.753433984,35.0798328
PM0009,Paragymnopleurus_maurus,Elephant,0,LiqN,Gut,1.399678301,42.76843479
PM0010,Paragymnopleurus_maurus,Elephant,0,LiqN,Gut,1.606180581,31.51254688
PM0011,Paragymnopleurus_maurus,Elephant,30,LiqN,Gut,0.002776322,45.8741791
PM0012,Paragymnopleurus_maurus,Elephant,30,LiqN,Gut,0.076332547,46.87349051
PM0013,Paragymnopleurus_maurus,Elephant,30,LiqN,Gut,1.353749416,47.06051746
PM0014,Paragymnopleurus_maurus,Elephant,30,LiqN,Gut,0.29748614,48.74629896
PM0015,Paragymnopleurus_maurus,Elephant,30,LiqN,Gut,0.812167022,45.58432303
PM0016,Paragymnopleurus_maurus,Elephant,30,LiqN,Gut,0.611027126,46.23954199
PM0017,Paragymnopleurus_maurus,Elephant,30,LiqN,Gut,1.294530758,45.66107025
PM0018,Paragymnopleurus_maurus,Elephant,30,LiqN,Gut,0.739660562,47.66897264
PM0019,Paragymnopleurus_maurus,Elephant,30,LiqN,Gut,1.013266029,47.45913398
PM0020,Paragymnopleurus_maurus,Elephant,30,LiqN,Gut,0.157281223,47.35948195
PM0021,Paragymnopleurus_maurus,Elephant,60,LiqN,Gut,0.973624722,45.53047362
PM0022,Paragymnopleurus_maurus,Elephant,60,LiqN,Gut,1.588781992,43.80103101
PM0023,Paragymnopleurus_maurus,Elephant,60,LiqN,Gut,1.953443486,43.33928739
PM0024,Paragymnopleurus_maurus,Elephant,60,LiqN,Gut,0.579021176,48.07645898
PM0025,Paragymnopleurus_maurus,Elephant,60,LiqN,Gut,0.058492444,44.31217392
PM0026,Paragymnopleurus_maurus,Elephant,60,LiqN,Gut,1.479292059,41.25609456
PM0027,Paragymnopleurus_maurus,Elephant,60,LiqN,Gut,0.618783843,43.7330703
PM0028,Paragymnopleurus_maurus,Elephant,60,LiqN,Gut,1.134219707,49.82471785
PM0029,Paragymnopleurus_maurus,Elephant,60,LiqN,Gut,0.897544064,45.5236917
PM0030,Paragymnopleurus_maurus,Elephant,60,LiqN,Gut,1.124830596,46.53659759
PM0031,Paragymnopleurus_maurus,Elephant,120,LiqN,Gut,0.668307535,18.24961093
PM0032,Paragymnopleurus_maurus,Elephant,120,LiqN,Gut,0.175316497,11.24741633
PM0033,Paragymnopleurus_maurus,Elephant,120,LiqN,Gut,0.516279033,19.46628748
PM0034,Paragymnopleurus_maurus,Elephant,120,LiqN,Gut,0.923558566,16.87254862
PM0035,Paragymnopleurus_maurus,Elephant,120,LiqN,Gut,1.92284518,16.69574228
PM0036,Paragymnopleurus_maurus,Elephant,120,LiqN,Gut,0.460931353,13.3524214
PM0037,Paragymnopleurus_maurus,Elephant,120,LiqN,Gut,0.24038867,19.6969262
PM0038,Paragymnopleurus_maurus,Elephant,120,LiqN,Gut,0.229688222,16.08523099
PM0039,Paragymnopleurus_maurus,Elephant,120,LiqN,Gut,0.807151509,13.35434789
PM0040,Paragymnopleurus_maurus,Elephant,120,LiqN,Gut,0.760178414,17.96842591
PM0041,Paragymnopleurus_maurus,Elephant,180,LiqN,Gut,0.398614081,17.66454289
PM0042,Paragymnopleurus_maurus,Elephant,180,LiqN,Gut,0.947700362,15.78065539
PM0043,Paragymnopleurus_maurus,Elephant,180,LiqN,Gut,0.295517375,16.38177681
PM0044,Paragymnopleurus_maurus,Elephant,180,LiqN,Gut,1.527556072,10.69953935
PM0045,Paragymnopleurus_maurus,Elephant,180,LiqN,Gut,1.569387364,12.42659987
PM0046,Paragymnopleurus_maurus,Elephant,180,LiqN,Gut,0.987829723,11.76743166
PM0047,Paragymnopleurus_maurus,Elephant,180,LiqN,Gut,0.350256503,10.59647119
PM0048,Paragymnopleurus_maurus,Elephant,180,LiqN,Gut,1.693074496,12.70572936
PM0049,Paragymnopleurus_maurus,Elephant,180,LiqN,Gut,1.885900311,14.1449609
PM0050,Paragymnopleurus_maurus,Elephant,180,LiqN,Gut,0.904602677,13.92310848
PM0051,Paragymnopleurus_maurus,Elephant,360,LiqN,Gut,1.521193379,12.38293608
PM0052,Paragymnopleurus_maurus,Elephant,360,LiqN,Gut,1.515465425,12.21138977
PM0053,Paragymnopleurus_maurus,Elephant,360,LiqN,Gut,0.030433626,10.1479565
PM0054,Paragymnopleurus_maurus,Elephant,360,LiqN,Gut,0.20321557,11.41467186
PM0055,Paragymnopleurus_maurus,Elephant,360,LiqN,Gut,0.582828407,11.83718458
PM0056,Paragymnopleurus_maurus,Elephant,360,LiqN,Gut,0.089008138,10.39978403
PM0057,Paragymnopleurus_maurus,Elephant,360,LiqN,Gut,0.638231387,12.3490073
PM0058,Paragymnopleurus_maurus,Elephant,360,LiqN,Gut,0.828526398,11.66519927
PM0059,Paragymnopleurus_maurus,Elephant,360,LiqN,Gut,1.366452701,13.97288726
PM0060,Paragymnopleurus_maurus,Elephant,360,LiqN,Gut,0.693276091,13.2013699
PM0061,Paragymnopleurus_maurus,Elephant,600,LiqN,Gut,0.619613591,7.324139923
PM0062,Paragymnopleurus_maurus,Elephant,600,LiqN,Gut,1.665809291,7.069612445
PM0063,Paragymnopleurus_maurus,Elephant,600,LiqN,Gut,1.057365027,5.409621314
PM0064,Paragymnopleurus_maurus,Elephant,600,LiqN,Gut,0.147397079,9.329697345
PM0065,Paragymnopleurus_maurus,Elephant,600,LiqN,Gut,1.324876066,9.59273936
PM0066,Paragymnopleurus_maurus,Elephant,600,LiqN,Gut,1.34911623,7.93108284
PM0067,Paragymnopleurus_maurus,Elephant,600,LiqN,Gut,0.001124842,9.421437837
PM0068,Paragymnopleurus_maurus,Elephant,600,LiqN,Gut,0.386332864,9.331170335
PM0069,Paragymnopleurus_maurus,Elephant,600,LiqN,Gut,0.432212567,5.297842138
PM0070,Paragymnopleurus_maurus,Elephant,600,LiqN,Gut,1.900245391,7.432305104
PM0071,Paragymnopleurus_maurus,Elephant,1440,LiqN,Gut,0.18974931,0.412263621
PM0072,Paragymnopleurus_maurus,Elephant,1440,LiqN,Gut,0.906622044,0.909999663
PM0073,Paragymnopleurus_maurus,Elephant,1440,LiqN,Gut,0.288084187,0.599413359
PM0074,Paragymnopleurus_maurus,Elephant,1440,LiqN,Gut,0.913099578,1.741838396
PM0075,Paragymnopleurus_maurus,Elephant,1440,LiqN,Gut,0.889771524,0.115356674
PM0076,Paragymnopleurus_maurus,Elephant,1440,LiqN,Gut,1.788690466,0.907017642
PM0077,Paragymnopleurus_maurus,Elephant,1440,LiqN,Gut,0.23391456,0.786970323
PM0078,Paragymnopleurus_maurus,Elephant,1440,LiqN,Gut,1.890019962,1.723784079
PM0079,Paragymnopleurus_maurus,Elephant,1440,LiqN,Gut,1.808502405,1.960095419
PM0080,Paragymnopleurus_maurus,Elephant,1440,LiqN,Gut,0.036541888,0.074487252
PM0081,Paragymnopleurus_maurus,Elephant,0,LiqN,Entire,1.793957638,41.66566626
PM0082,Paragymnopleurus_maurus,Elephant,0,LiqN,Entire,0.482183526,39.08582122
PM0083,Paragymnopleurus_maurus,Elephant,0,LiqN,Entire,0.554740585,42.2423545
PM0084,Paragymnopleurus_maurus,Elephant,0,LiqN,Entire,0.984503927,33.0445379
PM0085,Paragymnopleurus_maurus,Elephant,0,LiqN,Entire,1.200929146,33.64650841
PM0086,Paragymnopleurus_maurus,Elephant,0,LiqN,Entire,1.976078408,39.37752305
PM0087,Paragymnopleurus_maurus,Elephant,0,LiqN,Entire,0.226033362,35.28511444
PM0088,Paragymnopleurus_maurus,Elephant,0,LiqN,Entire,1.385170717,31.77201728
PM0089,Paragymnopleurus_maurus,Elephant,0,LiqN,Entire,1.269423998,40.57851118
PM0090,Paragymnopleurus_maurus,Elephant,0,LiqN,Entire,0.111213547,31.55889266
PM0091,Paragymnopleurus_maurus,Elephant,30,LiqN,Entire,0.600310602,46.26372009
PM0092,Paragymnopleurus_maurus,Elephant,30,LiqN,Entire,0.860467418,49.69525828
PM0093,Paragymnopleurus_maurus,Elephant,30,LiqN,Entire,1.62752442,47.47005892
PM0094,Paragymnopleurus_maurus,Elephant,30,LiqN,Entire,0.225180121,48.12692867
PM0095,Paragymnopleurus_maurus,Elephant,30,LiqN,Entire,0.889931667,47.77762316
PM0096,Paragymnopleurus_maurus,Elephant,30,LiqN,Entire,1.242596379,47.06563186
PM0097,Paragymnopleurus_maurus,Elephant,30,LiqN,Entire,0.13603032,47.93216219
PM0098,Paragymnopleurus_maurus,Elephant,30,LiqN,Entire,0.399305029,48.20452438
PM0099,Paragymnopleurus_maurus,Elephant,30,LiqN,Entire,0.153113489,49.17467968
PM0100,Paragymnopleurus_maurus,Elephant,30,LiqN,Entire,0.486595785,49.65588286
PM0101,Paragymnopleurus_maurus,Elephant,60,LiqN,Entire,1.885347827,45.41259649
PM0102,Paragymnopleurus_maurus,Elephant,60,LiqN,Entire,1.184049694,44.1336331
PM0103,Paragymnopleurus_maurus,Elephant,60,LiqN,Entire,0.990805612,42.79914139
PM0104,Paragymnopleurus_maurus,Elephant,60,LiqN,Entire,1.219399576,49.33540179
PM0105,Paragymnopleurus_maurus,Elephant,60,LiqN,Entire,1.91064655,48.3485165
PM0106,Paragymnopleurus_maurus,Elephant,60,LiqN,Entire,0.291439052,44.61066405
PM0107,Paragymnopleurus_maurus,Elephant,60,LiqN,Entire,0.652274802,44.06978163
PM0108,Paragymnopleurus_maurus,Elephant,60,LiqN,Entire,1.824300928,45.66735417
PM0109,Paragymnopleurus_maurus,Elephant,60,LiqN,Entire,1.383312677,47.45543232
PM0110,Paragymnopleurus_maurus,Elephant,60,LiqN,Entire,0.208356062,45.92033011
PM0111,Paragymnopleurus_maurus,Elephant,120,LiqN,Entire,1.855482982,10.4558709
PM0112,Paragymnopleurus_maurus,Elephant,120,LiqN,Entire,1.562409987,14.37156651
PM0113,Paragymnopleurus_maurus,Elephant,120,LiqN,Entire,1.689357427,18.12191603
PM0114,Paragymnopleurus_maurus,Elephant,120,LiqN,Entire,0.40980573,17.7799707
PM0115,Paragymnopleurus_maurus,Elephant,120,LiqN,Entire,1.620059365,18.43154491
PM0116,Paragymnopleurus_maurus,Elephant,120,LiqN,Entire,1.315897808,19.25350625
PM0117,Paragymnopleurus_maurus,Elephant,120,LiqN,Entire,0.981170377,16.3028483
PM0118,Paragymnopleurus_maurus,Elephant,120,LiqN,Entire,0.491517338,14.89054054
PM0119,Paragymnopleurus_maurus,Elephant,120,LiqN,Entire,0.481245358,10.17046578
PM0120,Paragymnopleurus_maurus,Elephant,120,LiqN,Entire,1.055050228,16.22736197
PM0121,Paragymnopleurus_maurus,Elephant,180,LiqN,Entire,0.541022497,18.48397291
PM0122,Paragymnopleurus_maurus,Elephant,180,LiqN,Entire,0.098065205,14.14322009
PM0123,Paragymnopleurus_maurus,Elephant,180,LiqN,Entire,1.249825702,16.20097165
PM0124,Paragymnopleurus_maurus,Elephant,180,LiqN,Entire,0.923440082,15.46783243
PM0125,Paragymnopleurus_maurus,Elephant,180,LiqN,Entire,1.236027047,14.31793634
PM0126,Paragymnopleurus_maurus,Elephant,180,LiqN,Entire,0.532220077,13.18334911
PM0127,Paragymnopleurus_maurus,Elephant,180,LiqN,Entire,0.647929662,12.92843264
PM0128,Paragymnopleurus_maurus,Elephant,180,LiqN,Entire,1.906365868,16.27371477
PM0129,Paragymnopleurus_maurus,Elephant,180,LiqN,Entire,1.691176164,10.29373459
PM0130,Paragymnopleurus_maurus,Elephant,180,LiqN,Entire,0.084210246,19.02401347
PM0131,Paragymnopleurus_maurus,Elephant,360,LiqN,Entire,1.696611238,13.58799852
PM0132,Paragymnopleurus_maurus,Elephant,360,LiqN,Entire,1.306789868,12.99906652
PM0133,Paragymnopleurus_maurus,Elephant,360,LiqN,Entire,0.69319819,12.57899942
PM0134,Paragymnopleurus_maurus,Elephant,360,LiqN,Entire,0.266232061,11.53215463
PM0135,Paragymnopleurus_maurus,Elephant,360,LiqN,Entire,0.642325046,14.89096056
PM0136,Paragymnopleurus_maurus,Elephant,360,LiqN,Entire,0.706717165,13.47857799
PM0137,Paragymnopleurus_maurus,Elephant,360,LiqN,Entire,0.756344824,13.98078949
PM0138,Paragymnopleurus_maurus,Elephant,360,LiqN,Entire,0.69659056,10.78856586
PM0139,Paragymnopleurus_maurus,Elephant,360,LiqN,Entire,0.180653361,14.156397
PM0140,Paragymnopleurus_maurus,Elephant,360,LiqN,Entire,1.151989165,14.43851567
PM0141,Paragymnopleurus_maurus,Elephant,600,LiqN,Entire,1.631750982,6.016512082
PM0142,Paragymnopleurus_maurus,Elephant,600,LiqN,Entire,1.071408756,8.965283024
PM0143,Paragymnopleurus_maurus,Elephant,600,LiqN,Entire,1.890585254,9.460316142
PM0144,Paragymnopleurus_maurus,Elephant,600,LiqN,Entire,0.921215602,5.811078325
PM0145,Paragymnopleurus_maurus,Elephant,600,LiqN,Entire,0.491805333,8.14239189
PM0146,Paragymnopleurus_maurus,Elephant,600,LiqN,Entire,1.47714328,5.445025249
PM0147,Paragymnopleurus_maurus,Elephant,600,LiqN,Entire,1.551867091,6.970842372
PM0148,Paragymnopleurus_maurus,Elephant,600,LiqN,Entire,1.287692587,8.984306056
PM0149,Paragymnopleurus_maurus,Elephant,600,LiqN,Entire,0.304553359,6.600298695
PM0150,Paragymnopleurus_maurus,Elephant,600,LiqN,Entire,1.490536721,8.250580746
PM0151,Paragymnopleurus_maurus,Elephant,1440,LiqN,Entire,0.134365755,0.187151589
PM0152,Paragymnopleurus_maurus,Elephant,1440,LiqN,Entire,1.055659218,1.800438718
PM0153,Paragymnopleurus_maurus,Elephant,1440,LiqN,Entire,1.656994514,0.090028173
PM0154,Paragymnopleurus_maurus,Elephant,1440,LiqN,Entire,0.817041287,0.895725872
PM0155,Paragymnopleurus_maurus,Elephant,1440,LiqN,Entire,1.614099168,0.190943214
PM0156,Paragymnopleurus_maurus,Elephant,1440,LiqN,Entire,0.38830763,0.400010492
PM0157,Paragymnopleurus_maurus,Elephant,1440,LiqN,Entire,1.84481487,1.450484334
PM0158,Paragymnopleurus_maurus,Elephant,1440,LiqN,Entire,1.268750477,1.291182381
PM0159,Paragymnopleurus_maurus,Elephant,1440,LiqN,Entire,0.970672735,0.539087838
PM0160,Paragymnopleurus_maurus,Elephant,1440,LiqN,Entire,1.709423425,0.396632985
PM0161,Paragymnopleurus_maurus,Tiger,0,LiqN,Gut,1.723340942,40.98389249
PM0162,Paragymnopleurus_maurus,Tiger,0,LiqN,Gut,0.92720373,31.67961192
PM0163,Paragymnopleurus_maurus,Tiger,0,LiqN,Gut,1.250315602,36.78406004
PM0164,Paragymnopleurus_maurus,Tiger,0,LiqN,Gut,1.487495376,42.51778195
PM0165,Paragymnopleurus_maurus,Tiger,0,LiqN,Gut,0.216936487,44.4041879
PM0166,Paragymnopleurus_maurus,Tiger,0,LiqN,Gut,1.160501346,44.96170047
PM0167,Paragymnopleurus_maurus,Tiger,0,LiqN,Gut,1.45137851,33.10295989
PM0168,Paragymnopleurus_maurus,Tiger,0,LiqN,Gut,1.076381232,31.23272245
PM0169,Paragymnopleurus_maurus,Tiger,0,LiqN,Gut,1.483530446,43.11470029
PM0170,Paragymnopleurus_maurus,Tiger,0,LiqN,Gut,1.539676336,40.71909886
PM0171,Paragymnopleurus_maurus,Tiger,30,LiqN,Gut,0.094766858,46.18747878
PM0172,Paragymnopleurus_maurus,Tiger,30,LiqN,Gut,0.249015887,47.11153692
PM0173,Paragymnopleurus_maurus,Tiger,30,LiqN,Gut,1.274924128,48.27594634
PM0174,Paragymnopleurus_maurus,Tiger,30,LiqN,Gut,1.292212809,45.00492084
PM0175,Paragymnopleurus_maurus,Tiger,30,LiqN,Gut,1.249319745,47.6321052
PM0176,Paragymnopleurus_maurus,Tiger,30,LiqN,Gut,0.911806162,45.34524291
PM0177,Paragymnopleurus_maurus,Tiger,30,LiqN,Gut,1.46642713,48.46640283
PM0178,Paragymnopleurus_maurus,Tiger,30,LiqN,Gut,0.615341992,45.43587484
PM0179,Paragymnopleurus_maurus,Tiger,30,LiqN,Gut,0.089539927,46.95784924
PM0180,Paragymnopleurus_maurus,Tiger,30,LiqN,Gut,1.45383654,45.49030167
PM0181,Paragymnopleurus_maurus,Tiger,60,LiqN,Gut,0.60060615,41.92336867
PM0182,Paragymnopleurus_maurus,Tiger,60,LiqN,Gut,0.373464552,47.18964733
PM0183,Paragymnopleurus_maurus,Tiger,60,LiqN,Gut,1.8836282,45.86307674
PM0184,Paragymnopleurus_maurus,Tiger,60,LiqN,Gut,0.105699237,42.14646713
PM0185,Paragymnopleurus_maurus,Tiger,60,LiqN,Gut,0.476640187,48.05375565
PM0186,Paragymnopleurus_maurus,Tiger,60,LiqN,Gut,0.689877066,45.42640244
PM0187,Paragymnopleurus_maurus,Tiger,60,LiqN,Gut,0.022700222,44.73452253
PM0188,Paragymnopleurus_maurus,Tiger,60,LiqN,Gut,1.015607716,47.40175959
PM0189,Paragymnopleurus_maurus,Tiger,60,LiqN,Gut,0.010185743,44.97800739
PM0190,Paragymnopleurus_maurus,Tiger,60,LiqN,Gut,1.408227466,41.44199719
PM0191,Paragymnopleurus_maurus,Tiger,120,LiqN,Gut,0.819081591,18.27283645
PM0192,Paragymnopleurus_maurus,Tiger,120,LiqN,Gut,0.376386215,16.41162561
PM0193,Paragymnopleurus_maurus,Tiger,120,LiqN,Gut,1.557994318,12.86043031
PM0194,Paragymnopleurus_maurus,Tiger,120,LiqN,Gut,0.335140934,12.08648072
PM0195,Paragymnopleurus_maurus,Tiger,120,LiqN,Gut,1.698556106,13.87898609
PM0196,Paragymnopleurus_maurus,Tiger,120,LiqN,Gut,1.690500046,14.83654452
PM0197,Paragymnopleurus_maurus,Tiger,120,LiqN,Gut,0.30191771,17.8803949
PM0198,Paragymnopleurus_maurus,Tiger,120,LiqN,Gut,1.735297857,14.97504856
PM0199,Paragymnopleurus_maurus,Tiger,120,LiqN,Gut,0.472622331,17.41371273
PM0200,Paragymnopleurus_maurus,Tiger,120,LiqN,Gut,1.511869146,18.70830841
PM0201,Paragymnopleurus_maurus,Tiger,180,LiqN,Gut,1.135033565,16.96827901
PM0202,Paragymnopleurus_maurus,Tiger,180,LiqN,Gut,0.097077528,17.81181256
PM0203,Paragymnopleurus_maurus,Tiger,180,LiqN,Gut,1.088759231,11.16363259
PM0204,Paragymnopleurus_maurus,Tiger,180,LiqN,Gut,0.361727586,13.9893755
PM0205,Paragymnopleurus_maurus,Tiger,180,LiqN,Gut,0.380354748,16.22638285
PM0206,Paragymnopleurus_maurus,Tiger,180,LiqN,Gut,0.585230953,15.88967494
PM0207,Paragymnopleurus_maurus,Tiger,180,LiqN,Gut,1.019211447,15.22949938
PM0208,Paragymnopleurus_maurus,Tiger,180,LiqN,Gut,1.179383426,13.44243685
PM0209,Paragymnopleurus_maurus,Tiger,180,LiqN,Gut,1.85113072,14.65212497
PM0210,Paragymnopleurus_maurus,Tiger,180,LiqN,Gut,0.237394713,18.74040947
PM0211,Paragymnopleurus_maurus,Tiger,360,LiqN,Gut,1.920521258,10.20713399
PM0212,Paragymnopleurus_maurus,Tiger,360,LiqN,Gut,1.443509274,13.49718546
PM0213,Paragymnopleurus_maurus,Tiger,360,LiqN,Gut,1.015314906,10.34969636
PM0214,Paragymnopleurus_maurus,Tiger,360,LiqN,Gut,1.679790573,11.670594
PM0215,Paragymnopleurus_maurus,Tiger,360,LiqN,Gut,0.388352791,13.04277646
PM0216,Paragymnopleurus_maurus,Tiger,360,LiqN,Gut,0.077763699,12.93767882
PM0217,Paragymnopleurus_maurus,Tiger,360,LiqN,Gut,1.711400881,14.03005539
PM0218,Paragymnopleurus_maurus,Tiger,360,LiqN,Gut,0.696467273,13.44486974
PM0219,Paragymnopleurus_maurus,Tiger,360,LiqN,Gut,1.960680447,12.18828772
PM0220,Paragymnopleurus_maurus,Tiger,360,LiqN,Gut,0.369242095,14.27003902
PM0221,Paragymnopleurus_maurus,Tiger,600,LiqN,Gut,0.816152958,8.586833368
PM0222,Paragymnopleurus_maurus,Tiger,600,LiqN,Gut,1.441477855,7.866597137
PM0223,Paragymnopleurus_maurus,Tiger,600,LiqN,Gut,1.460089344,5.449168243
PM0224,Paragymnopleurus_maurus,Tiger,600,LiqN,Gut,0.937250279,7.599193459
PM0225,Paragymnopleurus_maurus,Tiger,600,LiqN,Gut,1.635190748,8.400354034
PM0226,Paragymnopleurus_maurus,Tiger,600,LiqN,Gut,1.93438444,5.922420557
PM0227,Paragymnopleurus_maurus,Tiger,600,LiqN,Gut,0.046024049,5.494905762
PM0228,Paragymnopleurus_maurus,Tiger,600,LiqN,Gut,0.296971898,8.61756253
PM0229,Paragymnopleurus_maurus,Tiger,600,LiqN,Gut,1.872799194,7.309784778
PM0230,Paragymnopleurus_maurus,Tiger,600,LiqN,Gut,1.158804559,8.245518389
PM0231,Paragymnopleurus_maurus,Tiger,1440,LiqN,Gut,0.868929867,0.368889445
PM0232,Paragymnopleurus_maurus,Tiger,1440,LiqN,Gut,0.171782956,0.010370432
PM0233,Paragymnopleurus_maurus,Tiger,1440,LiqN,Gut,1.320618706,0.615382675
PM0234,Paragymnopleurus_maurus,Tiger,1440,LiqN,Gut,0.83820387,1.392315531
PM0235,Paragymnopleurus_maurus,Tiger,1440,LiqN,Gut,0.696953699,0.974033008
PM0236,Paragymnopleurus_maurus,Tiger,1440,LiqN,Gut,0.258179526,0.599470608
PM0237,Paragymnopleurus_maurus,Tiger,1440,LiqN,Gut,1.320627113,1.653006815
PM0238,Paragymnopleurus_maurus,Tiger,1440,LiqN,Gut,0.890557379,0.119130409
PM0239,Paragymnopleurus_maurus,Tiger,1440,LiqN,Gut,1.329682884,1.161621935
PM0240,Paragymnopleurus_maurus,Tiger,1440,LiqN,Gut,0.72014154,1.746227642
PM0241,Paragymnopleurus_maurus,Tiger,0,LiqN,Entire,0.816308581,35.58667551
PM0242,Paragymnopleurus_maurus,Tiger,0,LiqN,Entire,1.654113862,41.82325376
PM0243,Paragymnopleurus_maurus,Tiger,0,LiqN,Entire,1.366999111,37.72236982
PM0244,Paragymnopleurus_maurus,Tiger,0,LiqN,Entire,0.024481143,31.32890384
PM0245,Paragymnopleurus_maurus,Tiger,0,LiqN,Entire,1.436916959,38.34856832
PM0246,Paragymnopleurus_maurus,Tiger,0,LiqN,Entire,0.304990183,35.89513992
PM0247,Paragymnopleurus_maurus,Tiger,0,LiqN,Entire,0.963755683,34.03514137
PM0248,Paragymnopleurus_maurus,Tiger,0,LiqN,Entire,1.503573139,39.96391103
PM0249,Paragymnopleurus_maurus,Tiger,0,LiqN,Entire,0.517460054,36.05562804
PM0250,Paragymnopleurus_maurus,Tiger,0,LiqN,Entire,1.712060022,42.42195811
PM0251,Paragymnopleurus_maurus,Tiger,30,LiqN,Entire,0.149730629,47.11206717
PM0252,Paragymnopleurus_maurus,Tiger,30,LiqN,Entire,0.836677122,45.83912007
PM0253,Paragymnopleurus_maurus,Tiger,30,LiqN,Entire,1.000602273,49.11732052
PM0254,Paragymnopleurus_maurus,Tiger,30,LiqN,Entire,0.998327746,48.10947901
PM0255,Paragymnopleurus_maurus,Tiger,30,LiqN,Entire,1.064335334,46.35536969
PM0256,Paragymnopleurus_maurus,Tiger,30,LiqN,Entire,0.526451377,48.76128935
PM0257,Paragymnopleurus_maurus,Tiger,30,LiqN,Entire,1.1687228,48.74125504
PM0258,Paragymnopleurus_maurus,Tiger,30,LiqN,Entire,1.257022105,47.87060812
PM0259,Paragymnopleurus_maurus,Tiger,30,LiqN,Entire,0.040127016,46.5507603
PM0260,Paragymnopleurus_maurus,Tiger,30,LiqN,Entire,0.700660957,48.83706247
PM0261,Paragymnopleurus_maurus,Tiger,60,LiqN,Entire,1.844446821,47.57320498
PM0262,Paragymnopleurus_maurus,Tiger,60,LiqN,Entire,1.804692193,40.61637312
PM0263,Paragymnopleurus_maurus,Tiger,60,LiqN,Entire,1.746864737,48.59703795
PM0264,Paragymnopleurus_maurus,Tiger,60,LiqN,Entire,0.032620046,47.31660797
PM0265,Paragymnopleurus_maurus,Tiger,60,LiqN,Entire,0.392356159,47.86517991
PM0266,Paragymnopleurus_maurus,Tiger,60,LiqN,Entire,0.031001256,47.68870683
PM0267,Paragymnopleurus_maurus,Tiger,60,LiqN,Entire,0.833492181,40.8340955
PM0268,Paragymnopleurus_maurus,Tiger,60,LiqN,Entire,0.378470216,42.27059516
PM0269,Paragymnopleurus_maurus,Tiger,60,LiqN,Entire,1.136214949,47.82481881
PM0270,Paragymnopleurus_maurus,Tiger,60,LiqN,Entire,0.469185643,41.72120448
PM0271,Paragymnopleurus_maurus,Tiger,120,LiqN,Entire,0.589408249,15.07888402
PM0272,Paragymnopleurus_maurus,Tiger,120,LiqN,Entire,1.154437703,14.55544931
PM0273,Paragymnopleurus_maurus,Tiger,120,LiqN,Entire,0.138098321,19.05229934
PM0274,Paragymnopleurus_maurus,Tiger,120,LiqN,Entire,0.18500645,15.05168263
PM0275,Paragymnopleurus_maurus,Tiger,120,LiqN,Entire,1.943799213,14.18838155
PM0276,Paragymnopleurus_maurus,Tiger,120,LiqN,Entire,0.973831456,17.90752056
PM0277,Paragymnopleurus_maurus,Tiger,120,LiqN,Entire,1.950773433,17.30645002
PM0278,Paragymnopleurus_maurus,Tiger,120,LiqN,Entire,1.138073508,14.63306298
PM0279,Paragymnopleurus_maurus,Tiger,120,LiqN,Entire,0.037679005,14.00928956
PM0280,Paragymnopleurus_maurus,Tiger,120,LiqN,Entire,1.669046362,11.24161926
PM0281,Paragymnopleurus_maurus,Tiger,180,LiqN,Entire,1.250975325,17.64933938
PM0282,Paragymnopleurus_maurus,Tiger,180,LiqN,Entire,1.481041046,14.07297694
PM0283,Paragymnopleurus_maurus,Tiger,180,LiqN,Entire,1.927156154,14.24415215
PM0284,Paragymnopleurus_maurus,Tiger,180,LiqN,Entire,1.933953221,17.50071186
PM0285,Paragymnopleurus_maurus,Tiger,180,LiqN,Entire,1.681321697,19.47956086
PM0286,Paragymnopleurus_maurus,Tiger,180,LiqN,Entire,1.340442093,17.81524253
PM0287,Paragymnopleurus_maurus,Tiger,180,LiqN,Entire,1.134804169,14.15106743
PM0288,Paragymnopleurus_maurus,Tiger,180,LiqN,Entire,1.928795831,12.22554392
PM0289,Paragymnopleurus_maurus,Tiger,180,LiqN,Entire,1.195500056,18.25312976
PM0290,Paragymnopleurus_maurus,Tiger,180,LiqN,Entire,1.123954283,10.08452004
PM0291,Paragymnopleurus_maurus,Tiger,360,LiqN,Entire,0.123020162,12.55467789
PM0292,Paragymnopleurus_maurus,Tiger,360,LiqN,Entire,1.69567133,10.50474179
PM0293,Paragymnopleurus_maurus,Tiger,360,LiqN,Entire,0.697920593,13.92404076
PM0294,Paragymnopleurus_maurus,Tiger,360,LiqN,Entire,1.338437078,10.32769562
PM0295,Paragymnopleurus_maurus,Tiger,360,LiqN,Entire,0.308640027,13.49391795
PM0296,Paragymnopleurus_maurus,Tiger,360,LiqN,Entire,1.501678654,12.28366772
PM0297,Paragymnopleurus_maurus,Tiger,360,LiqN,Entire,1.922444425,11.68153366
PM0298,Paragymnopleurus_maurus,Tiger,360,LiqN,Entire,1.127594436,12.49452062
PM0299,Paragymnopleurus_maurus,Tiger,360,LiqN,Entire,0.848260062,12.36281788
PM0300,Paragymnopleurus_maurus,Tiger,360,LiqN,Entire,1.259557557,11.62782148
PM0301,Paragymnopleurus_maurus,Tiger,600,LiqN,Entire,1.695710251,5.411322273
PM0302,Paragymnopleurus_maurus,Tiger,600,LiqN,Entire,1.406502745,5.153613524
PM0303,Paragymnopleurus_maurus,Tiger,600,LiqN,Entire,0.630120995,9.091955417
PM0304,Paragymnopleurus_maurus,Tiger,600,LiqN,Entire,0.599031843,7.921761254
PM0305,Paragymnopleurus_maurus,Tiger,600,LiqN,Entire,1.254641618,7.464593805
PM0306,Paragymnopleurus_maurus,Tiger,600,LiqN,Entire,0.288797509,7.636895468
PM0307,Paragymnopleurus_maurus,Tiger,600,LiqN,Entire,1.355273451,5.300600041
PM0308,Paragymnopleurus_maurus,Tiger,600,LiqN,Entire,1.174645453,8.489266439
PM0309,Paragymnopleurus_maurus,Tiger,600,LiqN,Entire,1.176616841,5.390348928
PM0310,Paragymnopleurus_maurus,Tiger,600,LiqN,Entire,0.849310063,9.958026868
PM0311,Paragymnopleurus_maurus,Tiger,1440,LiqN,Entire,1.136653395,0.637796987
PM0312,Paragymnopleurus_maurus,Tiger,1440,LiqN,Entire,0.672604612,0.934007559
PM0313,Paragymnopleurus_maurus,Tiger,1440,LiqN,Entire,0.291459986,1.971112844
PM0314,Paragymnopleurus_maurus,Tiger,1440,LiqN,Entire,0.567487092,1.589480234
PM0315,Paragymnopleurus_maurus,Tiger,1440,LiqN,Entire,0.171721535,1.487154414
PM0316,Paragymnopleurus_maurus,Tiger,1440,LiqN,Entire,1.47984679,0.577166048
PM0317,Paragymnopleurus_maurus,Tiger,1440,LiqN,Entire,0.18950355,0.43966141
PM0318,Paragymnopleurus_maurus,Tiger,1440,LiqN,Entire,0.613435326,0.695234991
PM0319,Paragymnopleurus_maurus,Tiger,1440,LiqN,Entire,1.281050089,1.185226305
PM0320,Paragymnopleurus_maurus,Tiger,1440,LiqN,Entire,1.590180444,1.292054484
